date,machine_id,run_hours,failure,temperature_c,vibration_level
2024-01-01,MCH_001,33.396705143152126,0,84.27551942568971,1.0828131426253105
2024-01-01,MCH_002,11.262803455249843,0,77.40565909741687,0.829668947322188
2024-01-01,MCH_003,26.123624571704838,0,70.48635504440334,0.6557002751254131
2024-01-01,MCH_004,15.725621785731686,1,77.43055991758409,0.8695575682475054
2024-01-01,MCH_005,26.13497088346939,0,68.04481415106217,1.1958537093904866
2024-01-01,MCH_006,27.736440544105903,0,69.12371882469523,1.254610265218286
2024-01-01,MCH_007,14.12865388607177,0,80.39390566380585,0.8987170545540216
2024-01-01,MCH_008,23.689508202841584,0,76.72173457028032,0.7765820627383657
2024-01-01,MCH_009,27.445311008979374,0,72.11500412283732,1.1587739890725726
2024-01-01,MCH_010,19.996043605134197,0,67.91462599487646,0.7579034964752749
2024-01-02,MCH_001,16.566456171308964,0,69.79994529614044,1.3426815645752819
2024-01-02,MCH_002,22.07740256402881,1,75.30659442521544,0.9353106341451396
2024-01-02,MCH_003,26.37207699935468,0,70.88102068754236,0.6058966849742974
2024-01-02,MCH_004,17.765750077631566,0,70.90984472115662,1.0397175543775705
2024-01-02,MCH_005,20.06017012013618,0,75.33771093268389,1.3915030365177408
2024-01-02,MCH_006,17.838029767173015,0,78.38805592146821,0.9102419692137336
2024-01-02,MCH_007,19.834468611558776,0,76.43113930667869,1.4294765307091526
2024-01-02,MCH_008,17.654652877966186,0,74.77923642662161,1.0502563640559743
2024-01-02,MCH_009,12.187754168667695,0,69.81467221532257,0.9205057508026011
2024-01-02,MCH_010,28.05122425967722,0,75.22094418805122,0.8817522986536159
2024-01-03,MCH_001,30.539656267357884,0,82.08472294772842,1.0832857149116843
2024-01-03,MCH_002,20.881787644327044,0,77.97060966489025,0.9365087917724442
2024-01-03,MCH_003,19.329711844737574,1,74.67679358970491,1.3650173732868978
2024-01-03,MCH_004,19.54949417606952,0,69.4767158884618,0.9803049359698036
2024-01-03,MCH_005,12.064027742897684,0,72.51299073573965,0.869378384034461
2024-01-03,MCH_006,20.332908626649733,1,80.82376888650553,1.1738326734464224
2024-01-03,MCH_007,28.462607185401147,0,67.35492878625185,1.2126579062479492
2024-01-03,MCH_008,16.590770760775865,0,73.32298060786201,1.0350294563265365
2024-01-03,MCH_009,17.619834879432446,0,77.18200779670899,0.9795871903617829
2024-01-03,MCH_010,20.96391645492143,0,76.97220137047,1.2653366757948565
2024-01-04,MCH_001,18.282453787238545,0,78.62644685285079,0.973573118254466
2024-01-04,MCH_002,14.818623421149269,0,78.80165419778373,0.9760013275898078
2024-01-04,MCH_003,22.860908492059462,1,67.92219376208666,1.198705157933275
2024-01-04,MCH_004,17.959076879506057,0,76.39487488449643,0.7813509857870236
2024-01-04,MCH_005,15.926460852288969,0,71.01776671151397,1.1767047801636592
2024-01-04,MCH_006,13.992681383137649,0,74.83423312569114,0.7756868249601472
2024-01-04,MCH_007,13.977618807769396,0,76.66430720793876,0.8051744858153239
2024-01-04,MCH_008,23.271760310514267,0,72.9242118125986,0.7956993369678929
2024-01-04,MCH_009,19.121838290069984,0,72.81783167193474,1.213649906401348
2024-01-04,MCH_010,23.187385744914913,0,76.20393646981411,1.0524315969125062
2024-01-05,MCH_001,14.714782392514442,0,76.48027239036207,0.7748912262776406
2024-01-05,MCH_002,18.370565455491132,0,78.28736087892267,1.485577016210619
2024-01-05,MCH_003,21.63528258000025,0,67.05289635956974,1.7012193317413786
2024-01-05,MCH_004,18.402592979567206,0,73.26240313922132,1.2786671129780722
2024-01-05,MCH_005,19.350496481168797,0,76.6922621575526,0.36335179343065716
2024-01-05,MCH_006,15.793895799119024,0,79.35433378402219,1.1417886696575406
2024-01-05,MCH_007,23.310447861055188,1,75.4258001278669,0.7657836958332489
2024-01-05,MCH_008,14.491291121356804,0,78.46526151723312,0.8806774547143111
2024-01-05,MCH_009,27.4107658961964,0,65.87087100513669,1.0522369055871155
2024-01-05,MCH_010,21.46736894951735,0,71.39469708234283,1.0436496958315913
2024-01-06,MCH_001,24.57256709993462,0,77.45506214082239,1.2557414138878613
2024-01-06,MCH_002,20.10215646208636,0,74.92005408352809,1.0261735751161933
2024-01-06,MCH_003,14.366612195050884,0,78.2248221532005,0.9233864807557491
2024-01-06,MCH_004,18.481117390049985,0,78.84669162723245,0.9019737541502355
2024-01-06,MCH_005,13.238995794233684,0,79.69673520874157,1.0568339115415455
2024-01-06,MCH_006,19.03585325769776,0,77.36454388065573,0.9482124552579908
2024-01-06,MCH_007,21.057364427296935,0,82.85871649455949,1.5100302762573203
2024-01-06,MCH_008,25.032103775950855,0,74.7653925511096,0.7708919033297994
2024-01-06,MCH_009,13.8729129403593,1,72.3969788390487,0.72920003984396
2024-01-06,MCH_010,18.5445439821317,0,74.89186113302966,0.9467689933073169
2024-01-07,MCH_001,23.2574210463213,0,77.09891774542228,0.6530230757663709
2024-01-07,MCH_002,18.021621580005743,0,67.07908543595697,1.0926681577992503
2024-01-07,MCH_003,26.420794231541812,0,79.42048992656053,1.095967879423447
2024-01-07,MCH_004,25.461096247540507,0,76.55393347987767,1.1041553084976257
2024-01-07,MCH_005,29.04599766479199,0,69.5225689048435,1.0620577353774954
2024-01-07,MCH_006,13.28306170242005,0,82.58826296341553,0.8173101350080909
2024-01-07,MCH_007,20.046297402956935,0,76.74445430424063,0.9118187320191152
2024-01-07,MCH_008,14.662105580321128,0,68.17398844394376,1.4862005686412183
2024-01-07,MCH_009,16.992658788804935,0,69.71835906770977,0.969789900652429
2024-01-07,MCH_010,12.208156879705852,1,78.00057176362179,0.4896047894366049
2024-01-08,MCH_001,13.58545294639189,0,75.3805945587786,0.7237472889154505
2024-01-08,MCH_002,22.47597275849049,0,81.24885356248204,0.5515134374972452
2024-01-08,MCH_003,26.78913957199981,0,69.2648609225453,0.3598393176100817
2024-01-08,MCH_004,23.784061670182766,0,77.21636810705311,0.5152730828413195
2024-01-08,MCH_005,21.300775270003946,0,71.03213850661803,0.7275347673453834
2024-01-08,MCH_006,25.289675794656898,0,72.54130982321459,1.1496277510332424
2024-01-08,MCH_007,26.702616125480382,0,86.90817921470794,0.9372802321519942
2024-01-08,MCH_008,24.038197214798338,0,73.67033429095142,1.1834305851495162
2024-01-08,MCH_009,20.809163821701436,1,72.4595291239106,1.420376198596214
2024-01-08,MCH_010,9.770341165924412,1,76.44706134890025,1.1884301821576817
2024-01-09,MCH_001,20.267761095893682,0,64.58242097494357,0.7362313372443983
2024-01-09,MCH_002,16.80810375330273,1,71.44003568000082,1.1057075403935461
2024-01-09,MCH_003,21.549451015513753,0,82.05295124506574,1.0164704356993588
2024-01-09,MCH_004,29.729546839581353,0,71.78368511007854,0.7674691071912191
2024-01-09,MCH_005,21.384145750354055,0,75.98193080425474,0.23645821479927165
2024-01-09,MCH_006,21.84114235596953,0,80.63924513955169,1.35963008030551
2024-01-09,MCH_007,15.124653338003958,0,76.31083816835825,1.368193357365688
2024-01-09,MCH_008,15.178146115722853,0,81.75981718461861,0.9350237085078328
2024-01-09,MCH_009,21.482649799466152,0,80.50887099719155,1.6106364990366493
2024-01-09,MCH_010,15.24542686259866,0,79.87470226391831,1.2160066197959185
2024-01-10,MCH_001,12.327730141583993,0,76.05054479061533,1.004306595010066
2024-01-10,MCH_002,28.184750930503903,0,71.40532072032468,1.4594618016489775
2024-01-10,MCH_003,12.466647707123785,0,68.24349115864884,0.9420766056425699
2024-01-10,MCH_004,22.589813298471714,0,67.05702638812524,1.288242805432449
2024-01-10,MCH_005,20.765457600003472,0,68.11001475979158,1.1794514604588886
2024-01-10,MCH_006,31.193456336809795,0,63.10414168345449,0.528055532092111
2024-01-10,MCH_007,20.65042735084688,0,74.1377240527561,1.1240251809422617
2024-01-10,MCH_008,9.023914128997706,1,71.88179370322592,0.9878421773793022
2024-01-10,MCH_009,19.436957628850113,0,70.42606185767936,0.7347812047421745
2024-01-10,MCH_010,20.962401814258453,0,84.51217759704447,1.2614774876262955
2024-01-11,MCH_001,15.339866408547783,0,74.6209489519066,0.9113405847451723
2024-01-11,MCH_002,19.101940173496754,0,78.04018860002842,0.7289138778105116
2024-01-11,MCH_003,19.17982964195858,0,76.3990348635184,1.3753358335795192
2024-01-11,MCH_004,22.942885269602424,0,74.6372680057862,0.2322641985544529
2024-01-11,MCH_005,23.450101673992013,0,74.60758611480044,0.38254487181543984
2024-01-11,MCH_006,24.625022170210713,0,84.5897273741408,0.5448114865322398
2024-01-11,MCH_007,21.412730083963396,0,68.45324225011957,1.355460337424113
2024-01-11,MCH_008,18.93562814345289,0,72.9222070208187,1.0361963797378893
2024-01-11,MCH_009,23.33931347193573,0,77.77428366307986,0.9170245664490554
2024-01-11,MCH_010,22.898515358211075,0,77.32748968815999,0.8190435842091134
2024-01-12,MCH_001,26.217487441140342,0,65.76860247459102,1.2797343453748171
2024-01-12,MCH_002,19.624984601605007,0,75.60007847037957,1.4967726258854004
2024-01-12,MCH_003,19.32706947616308,0,74.50732715559128,1.4217015617102766
2024-01-12,MCH_004,21.494559764066352,0,75.405349121203,1.0797248238733708
2024-01-12,MCH_005,19.73361456586052,0,72.73347691383123,0.9109191108580001
2024-01-12,MCH_006,23.170161387610648,0,70.12779716313774,0.8933729232370822
2024-01-12,MCH_007,19.652483055947403,0,73.47976608640495,0.9475458798939277
2024-01-12,MCH_008,22.63772800495581,0,75.60970707594309,0.46709984212530753
2024-01-12,MCH_009,30.4639781697352,0,78.67995578174542,0.6919692318537813
2024-01-12,MCH_010,25.72428343437686,0,69.92229572874531,1.5107504989051743
2024-01-13,MCH_001,19.42570092641621,0,73.62658454532898,1.1022714597712033
2024-01-13,MCH_002,25.016320970677736,0,65.37333289015797,0.6106610381875142
2024-01-13,MCH_003,15.324709175564251,0,80.21699922225154,1.18165900864206
2024-01-13,MCH_004,24.359159511125103,0,83.42880285482744,1.5187288291077934
2024-01-13,MCH_005,19.237323291392705,0,75.251055131542,1.256928424171314
2024-01-13,MCH_006,19.10568474043125,0,71.17595030152744,1.0439964723418969
2024-01-13,MCH_007,17.49994032830228,0,73.92969682853904,0.7878158611690871
2024-01-13,MCH_008,23.717286552189982,0,73.16924609921611,1.1697654969149018
2024-01-13,MCH_009,12.517789035211742,0,66.92832475980181,0.841361742155439
2024-01-13,MCH_010,21.215430573314137,0,74.33936207025496,0.816656180316374
2024-01-14,MCH_001,21.90051842745065,0,70.35083744614002,0.7837257547901226
2024-01-14,MCH_002,16.977826528292518,0,71.59472063752187,0.657444210534017
2024-01-14,MCH_003,17.195776669771394,0,78.51870954074624,0.7693797099452506
2024-01-14,MCH_004,20.098487261954826,0,67.8180665457252,0.9541648562224146
2024-01-14,MCH_005,28.555957625183776,0,70.48319180113681,0.5347073189452399
2024-01-14,MCH_006,15.732801851859103,0,75.4067342371032,1.6193382590578453
2024-01-14,MCH_007,28.51756654859995,0,79.08381966919521,0.823653449091168
2024-01-14,MCH_008,15.276281672306736,0,76.64707599845354,1.1647186044534452
2024-01-14,MCH_009,25.390860771738744,0,66.79584691742265,1.3787865762011708
2024-01-14,MCH_010,23.29475874292848,0,74.05412596934202,0.8340312806774204
2024-01-15,MCH_001,23.815417233866366,0,79.19247313502034,1.1840842248691064
2024-01-15,MCH_002,15.549233288961664,0,76.20026626700107,1.1512081841340474
2024-01-15,MCH_003,22.80284152006359,0,76.40523143305451,1.1497637796441715
2024-01-15,MCH_004,22.491219286505512,0,73.0833353592302,1.271320502265637
2024-01-15,MCH_005,26.750855919365463,0,67.31618407840958,1.0153648739057233
2024-01-15,MCH_006,24.094059537877914,0,74.21580877686141,0.9829893580235454
2024-01-15,MCH_007,21.480714976745052,0,77.0501759839907,0.565961512209304
2024-01-15,MCH_008,20.763432177733694,0,69.2651019928165,1.3994782918891882
2024-01-15,MCH_009,17.506584047366726,0,75.75260284582873,1.2778343901968583
2024-01-15,MCH_010,26.07250551460286,0,71.07096849565751,0.4521428535134139
2024-01-16,MCH_001,26.797199148788902,0,82.7427491283351,0.7756553805380497
2024-01-16,MCH_002,22.014210295680368,0,71.48198996495462,1.0645779784813223
2024-01-16,MCH_003,28.469384091668324,0,72.76490126987696,0.8135913957195025
2024-01-16,MCH_004,21.509083714805556,0,71.36605655608902,0.8986118274432278
2024-01-16,MCH_005,19.93274504764643,0,77.42050450634294,1.6147126706166244
2024-01-16,MCH_006,16.303676799116502,0,66.32812762973211,1.2036271828693552
2024-01-16,MCH_007,20.75146927386598,0,78.91916701472518,0.8826190904354774
2024-01-16,MCH_008,24.98455918716018,0,73.95059749875355,1.1277406245826302
2024-01-16,MCH_009,24.40114497788527,0,75.16602333317098,1.1924066435615388
2024-01-16,MCH_010,34.079270070611166,0,67.35973797582761,0.957357551775932
2024-01-17,MCH_001,16.483063716766534,0,71.12588700031486,0.6327965270682226
2024-01-17,MCH_002,23.377575045673332,0,75.13826759222313,1.4209947614450176
2024-01-17,MCH_003,28.766590927844447,0,78.21808857379519,0.9467529127384392
2024-01-17,MCH_004,21.925865745414384,0,67.86626827793951,0.900117335638373
2024-01-17,MCH_005,16.560139673545628,0,74.98670319213481,1.0010326126898303
2024-01-17,MCH_006,23.835950807735493,0,85.28519099900802,0.4545668446323402
2024-01-17,MCH_007,26.165103159487657,0,79.87696001640685,1.6114199905152828
2024-01-17,MCH_008,23.907519104717,0,71.52130638980773,0.7690041470270206
2024-01-17,MCH_009,16.368644055402996,0,75.46326846055577,1.0023629993086718
2024-01-17,MCH_010,19.272109529366258,0,72.14847413927735,0.809175604676617
2024-01-18,MCH_001,27.452236059862454,0,72.63965184103274,0.7242150358239428
2024-01-18,MCH_002,16.210082009450836,0,79.64913254528076,0.03597484583628796
2024-01-18,MCH_003,13.48141582118654,0,65.80537028742077,0.5828363641120748
2024-01-18,MCH_004,21.098680490582158,0,72.57398160452144,0.991536097291066
2024-01-18,MCH_005,23.034174431305342,0,81.0981298574551,1.4779050444249795
2024-01-18,MCH_006,18.86863919478338,0,67.81151455958023,1.2819603275201463
2024-01-18,MCH_007,14.983468056317925,0,69.4798823530788,1.0651842875369106
2024-01-18,MCH_008,23.379750356325466,0,84.7757931481435,1.2284548838326046
2024-01-18,MCH_009,23.21737638230661,0,69.02337572135642,0.9989493517209143
2024-01-18,MCH_010,19.433008118572772,0,62.55496899646981,0.9929377761962181
2024-01-19,MCH_001,17.19205550775403,1,76.28342719766532,0.9984179975095199
2024-01-19,MCH_002,22.467756435394932,0,78.03079636302132,1.5305095473324977
2024-01-19,MCH_003,11.113544942212917,0,79.8825524367588,1.239574368763726
2024-01-19,MCH_004,16.927440907146096,0,74.79080614524047,0.7338458163850144
2024-01-19,MCH_005,15.733880271077549,0,77.5659667414918,1.3990679429038075
2024-01-19,MCH_006,26.56833540196049,0,78.07375576244296,0.4754329294655133
2024-01-19,MCH_007,17.17626227125685,0,69.66771321880675,1.176441631618216
2024-01-19,MCH_008,22.223121574367646,0,71.12466625217246,0.8003646594481741
2024-01-19,MCH_009,23.794653665585898,0,86.80823679675485,0.9403792394679512
2024-01-19,MCH_010,18.448248865177607,0,75.06407938726005,1.1004875850348914
2024-01-20,MCH_001,19.248516985605274,0,81.29667735982095,1.1175896482033105
2024-01-20,MCH_002,22.721166003100947,0,70.36603284335706,0.9312772633499771
2024-01-20,MCH_003,18.212660122251023,0,70.50381148372445,0.9810834276363297
2024-01-20,MCH_004,18.408148163599694,0,62.86900418511181,1.096351736723472
2024-01-20,MCH_005,24.391728410576654,0,73.06813295701374,1.3165656300226996
2024-01-20,MCH_006,19.769549051976256,0,69.8555239356701,1.004300061406539
2024-01-20,MCH_007,18.16680168879699,1,79.96977013024461,1.1347556663953444
2024-01-20,MCH_008,13.661991025067193,0,70.28837459181875,1.2183001970518008
2024-01-20,MCH_009,22.394700060274722,0,76.39390706291418,0.6884107125578056
2024-01-20,MCH_010,17.61308282067157,0,74.38990573317311,0.9485533586051671
2024-01-21,MCH_001,22.48001217786331,0,69.19564689335381,0.9592007015997622
2024-01-21,MCH_002,23.323036931742458,0,78.04630755304073,1.3790694812946025
2024-01-21,MCH_003,29.006669571758994,0,75.99702130211473,0.9621205376642703
2024-01-21,MCH_004,20.31279797917942,0,79.7816059012733,1.2103839541301114
2024-01-21,MCH_005,24.442851682661715,0,67.97189605758003,0.42613319137344796
2024-01-21,MCH_006,14.616837341152914,0,78.97234576716149,0.8858891509264535
2024-01-21,MCH_007,22.299443899419053,0,73.43071976700682,0.8190770454353944
2024-01-21,MCH_008,22.86879340170581,0,72.54002561109301,0.7660151984801977
2024-01-21,MCH_009,18.882906198240917,0,82.49320381620181,0.40084568676977006
2024-01-21,MCH_010,16.789181281551286,0,84.27058601498905,0.9678962078892318
2024-01-22,MCH_001,14.747031704238765,0,76.42589396336517,0.15736502339724578
2024-01-22,MCH_002,16.789194698969624,1,72.9916493740683,0.8070658928873559
2024-01-22,MCH_003,23.868380768126052,0,66.54415146345565,1.6481552990538426
2024-01-22,MCH_004,23.161722815572492,0,76.89576821100722,1.1462477731771974
2024-01-22,MCH_005,26.40543597004844,0,77.02784580101284,0.5856347036718825
2024-01-22,MCH_006,26.729918124083188,0,76.08611009135265,1.5360129216162557
2024-01-22,MCH_007,20.306448141110888,0,77.79986583572213,1.2910165582780477
2024-01-22,MCH_008,21.727467783100085,0,65.86361678954216,1.0791392363177275
2024-01-22,MCH_009,24.50752602211057,0,71.311015751194,1.386017831764772
2024-01-22,MCH_010,14.702830266931226,0,69.71329196660295,0.9106203312401076
2024-01-23,MCH_001,23.93843303379784,0,82.7046612943042,0.8137911681527664
2024-01-23,MCH_002,22.54005823243069,0,76.48678001066845,0.9832057894011799
2024-01-23,MCH_003,26.444554791226494,0,65.80671195195282,0.7007726505041809
2024-01-23,MCH_004,21.3059441563051,0,73.53631706801714,1.1001930708601229
2024-01-23,MCH_005,12.938964388232499,0,88.34892087809918,1.373879425227336
2024-01-23,MCH_006,19.396199835371032,0,69.4127767780376,0.9497626463264826
2024-01-23,MCH_007,15.40797273879587,0,72.71352382790721,0.6086870720851958
2024-01-23,MCH_008,18.843796239589036,0,79.72011972022128,0.993204692383264
2024-01-23,MCH_009,17.33620407461559,0,68.48297609638223,1.3702519700902676
2024-01-23,MCH_010,11.01507685352267,0,66.06593961828382,0.9056058872621807
2024-01-24,MCH_001,18.838828982649176,0,68.11891121700981,1.4026440017146453
2024-01-24,MCH_002,14.54717143279868,0,86.53740996271551,1.0503386268732728
2024-01-24,MCH_003,16.340460999815882,0,77.38230883826195,0.6949573407326028
2024-01-24,MCH_004,10.315461433951354,0,72.03896099778869,1.290292194543506
2024-01-24,MCH_005,21.554353989114794,0,74.25394451501728,0.9454078709565998
2024-01-24,MCH_006,17.59914585540478,0,70.52137338175037,1.3113177086168242
2024-01-24,MCH_007,27.8751690373796,0,73.28963189871179,0.8618417837735142
2024-01-24,MCH_008,33.437603481908155,0,77.40337165938823,1.6549253729122486
2024-01-24,MCH_009,17.56400390841936,0,75.93180518697399,0.442686009089866
2024-01-24,MCH_010,20.470123291016954,0,75.25293742661731,1.1637167352312663
2024-01-25,MCH_001,25.96502227264327,0,71.84789044365142,1.2077451416949756
2024-01-25,MCH_002,18.111997831306166,0,85.40861195227752,1.2072753772561506
2024-01-25,MCH_003,14.515361688832211,0,69.66236877066743,1.1004013463996694
2024-01-25,MCH_004,10.746542269375102,0,67.72991239667945,1.2265032561558893
2024-01-25,MCH_005,6.2142573270516905,0,73.39242657240328,1.358363186253885
2024-01-25,MCH_006,17.3231733171197,0,71.43534162639335,0.8973781420056113
2024-01-25,MCH_007,21.33327957135769,0,76.98154172268684,1.3600897692658154
2024-01-25,MCH_008,18.3791456437698,0,76.88454910688026,0.6597208957966167
2024-01-25,MCH_009,17.062200231062455,0,72.182273410777,0.9913773027764367
2024-01-25,MCH_010,17.631673633305635,0,79.12990729050975,1.346247700046495
2024-01-26,MCH_001,22.76422137650118,0,72.36450619073948,1.2229800657350007
2024-01-26,MCH_002,20.17825890489742,0,73.05291708959946,1.2040953797529907
2024-01-26,MCH_003,12.982862092944973,1,76.6105153054419,1.455279315705936
2024-01-26,MCH_004,22.58424992501497,0,68.9261330411315,0.8983771857906228
2024-01-26,MCH_005,24.2534429050964,0,81.98209501039868,1.5020754377294896
2024-01-26,MCH_006,17.359201395630635,0,71.01643312250641,0.9096408372228005
2024-01-26,MCH_007,18.977060902896298,0,78.19064360940148,1.393755900936008
2024-01-26,MCH_008,6.120557601395415,0,65.70722560594291,0.8317214884780917
2024-01-26,MCH_009,16.874506687465022,0,68.55782324855873,1.1764256091291696
2024-01-26,MCH_010,19.318372490362638,0,69.15600811987194,0.685764488690283
2024-01-27,MCH_001,19.69342934211489,0,71.71347008062311,0.9145920419233283
2024-01-27,MCH_002,19.740732897495427,0,67.16270596731736,0.7201008678200896
2024-01-27,MCH_003,21.919887500611264,0,70.56669021722018,1.113624385799189
2024-01-27,MCH_004,27.055874155501325,0,71.48099844513878,0.9858031355217507
2024-01-27,MCH_005,13.7116024133479,0,79.21871094983628,1.3360373296675436
2024-01-27,MCH_006,17.396076010022284,0,78.20808986194889,1.0957210387101217
2024-01-27,MCH_007,17.172894974264835,0,70.48907109379958,1.0457435810527953
2024-01-27,MCH_008,29.216312285693164,0,77.50583009725787,1.2709446609189716
2024-01-27,MCH_009,16.093802840464488,0,78.74537775837456,0.8711330914303173
2024-01-27,MCH_010,21.956453706654766,0,80.13015608521097,0.5961725879996191
2024-01-28,MCH_001,14.66326800930018,0,69.96359189293786,0.8867601729175778
2024-01-28,MCH_002,18.657652162613015,0,70.66200636505842,1.0786525942524987
2024-01-28,MCH_003,21.980292578167354,0,77.77614171072318,0.895643617381213
2024-01-28,MCH_004,12.84156567050594,0,69.53064398461837,1.0760415207004455
2024-01-28,MCH_005,16.718908315925507,0,69.15844676311124,0.9857383995078101
2024-01-28,MCH_006,10.789567812560854,0,76.993753972173,1.2365988496119806
2024-01-28,MCH_007,16.551920302567517,0,76.07142850289596,1.6728524664693598
2024-01-28,MCH_008,22.149285088903376,0,76.13261131729136,1.2092977341884235
2024-01-28,MCH_009,17.195247057031008,0,70.6193176111292,0.5835032300743216
2024-01-28,MCH_010,10.9093745338923,0,79.63668146018067,1.6007126839799666
2024-01-29,MCH_001,10.931017247683958,0,69.6090859405756,1.3517456021686756
2024-01-29,MCH_002,14.691684278591797,0,73.9475588876498,0.9751107990631571
2024-01-29,MCH_003,21.469550189889006,0,77.39347871896392,0.8035440545890272
2024-01-29,MCH_004,24.85254286372568,0,72.8506892535377,1.3950830939509165
2024-01-29,MCH_005,20.360421698939213,0,66.08834255333541,0.6825197376228027
2024-01-29,MCH_006,18.313229906198416,0,70.24571918182696,1.0117365633486033
2024-01-29,MCH_007,12.606295494816019,0,71.22773997152878,1.1826893073606382
2024-01-29,MCH_008,28.57542226428348,0,71.06142643718786,1.371804221337834
2024-01-29,MCH_009,23.916664248368356,0,75.35869302710522,0.6544371481971881
2024-01-29,MCH_010,22.395929604864794,0,72.50102505258182,0.8537530774490005
2024-01-30,MCH_001,14.09211362199175,0,78.45185504353287,1.4889600272156627
2024-01-30,MCH_002,20.63505084550302,0,77.56722973394263,1.0790573082396107
2024-01-30,MCH_003,18.04887173795456,0,73.79982753883525,1.0512171369669143
2024-01-30,MCH_004,24.061141853918464,0,68.08866584205299,0.5773686013383001
2024-01-30,MCH_005,12.29920526623502,0,67.46591682148501,0.8543588962928694
2024-01-30,MCH_006,5.783565179237662,0,73.49121870442237,1.3598835014739565
2024-01-30,MCH_007,22.067309432411506,0,70.40275189943323,0.9268556523660259
2024-01-30,MCH_008,14.434356365415443,0,74.5490051442594,1.261187584510371
2024-01-30,MCH_009,21.34896708016256,0,73.06015541560366,0.6255585181810841
2024-01-30,MCH_010,20.12610530786065,0,76.86056851695213,0.9423386229968246
2024-01-31,MCH_001,16.550806331591474,0,82.75105713851183,0.8969865209732001
2024-01-31,MCH_002,17.994448088802436,0,87.14829319600594,1.193049520101305
2024-01-31,MCH_003,15.570988074422104,0,74.33027403915435,1.015949886876557
2024-01-31,MCH_004,21.53636480547172,0,73.50429329791079,1.1417474236893503
2024-01-31,MCH_005,18.915598665517653,0,76.90883830807495,1.1361963496902578
2024-01-31,MCH_006,19.56578071180915,0,68.02692345085882,1.4815439991832697
2024-01-31,MCH_007,19.82805165740309,0,78.21498729381882,0.8992333963302781
2024-01-31,MCH_008,33.11081921638879,0,85.9916905858396,0.5722708851948468
2024-01-31,MCH_009,22.214406489697666,0,71.10560218433243,0.9720843077115133
2024-01-31,MCH_010,14.081518906632576,0,71.2646355694277,1.0637293732245263
2024-02-01,MCH_001,22.093463357297686,0,70.45644982826391,1.1250880630735243
2024-02-01,MCH_002,22.628377721252143,0,73.09230264612053,1.0566921792794912
2024-02-01,MCH_003,19.20103958041876,0,71.88032101729834,1.156079970870572
2024-02-01,MCH_004,20.04943850889346,0,69.57776952605843,0.896608564400546
2024-02-01,MCH_005,14.268195935940476,0,77.04924573595315,1.0936327759486089
2024-02-01,MCH_006,23.3504552078494,0,73.31343770788038,1.321836685028233
2024-02-01,MCH_007,19.097847282965137,0,78.14198203427502,1.3437842525753474
2024-02-01,MCH_008,24.213938658587395,0,81.22142345140337,1.1486628856606245
2024-02-01,MCH_009,23.554440744328033,1,69.63420765532389,1.536399846018034
2024-02-01,MCH_010,15.168105463013902,0,82.6967848096415,1.0778645616755504
2024-02-02,MCH_001,19.93543285472665,0,82.54535860445456,0.8372538153825918
2024-02-02,MCH_002,12.85682595290483,0,65.36802597820783,0.7258689093964878
2024-02-02,MCH_003,15.297506389700944,0,74.92458664093077,1.1541403278101852
2024-02-02,MCH_004,21.021771865171257,0,70.9558113411179,1.059328165727054
2024-02-02,MCH_005,21.244391741847444,0,77.08099158663859,1.335414669944457
2024-02-02,MCH_006,28.17902134234786,0,76.65018671544905,1.4378002897004711
2024-02-02,MCH_007,24.64069323755703,1,74.33185254600858,1.271441988307886
2024-02-02,MCH_008,17.909212024995746,0,69.49214180673533,1.6590685355084593
2024-02-02,MCH_009,9.815998602941898,0,76.34646093691532,0.9695453235303985
2024-02-02,MCH_010,18.724833197165285,0,71.75278992401724,0.6274878518476998
2024-02-03,MCH_001,22.409145773186566,0,73.38508749830135,1.2959243274800056
2024-02-03,MCH_002,11.433676554684517,0,73.04450583152834,1.3558065687604404
2024-02-03,MCH_003,25.592702778403584,0,66.79088606413636,0.4655830227131843
2024-02-03,MCH_004,22.513221089524354,0,66.95945915658749,0.3414053663652121
2024-02-03,MCH_005,19.722679300127545,0,72.12026793187971,0.5018899620187007
2024-02-03,MCH_006,22.520244142745902,0,78.48353015374484,0.677744627294748
2024-02-03,MCH_007,25.71635627452297,0,77.30092138444401,0.8906813415395499
2024-02-03,MCH_008,30.15879111501332,0,78.43688015092964,1.2729654229997092
2024-02-03,MCH_009,20.721092136462275,0,72.72728019011575,1.0235521885964698
2024-02-03,MCH_010,20.59735846451976,0,76.41710591776572,0.9728978470711424
2024-02-04,MCH_001,15.006907499675432,0,69.21558768843828,1.1057375142584924
2024-02-04,MCH_002,23.881985294325965,0,73.23887034950624,1.0304245887118721
2024-02-04,MCH_003,11.785774189869255,0,74.06395971067165,1.403944960360347
2024-02-04,MCH_004,24.905009505675576,0,78.35685023421017,1.0850265858719816
2024-02-04,MCH_005,19.491269977590754,0,76.33480100746189,1.2556515830904786
2024-02-04,MCH_006,16.33423285180938,0,73.2440224903926,1.1472891769035032
2024-02-04,MCH_007,19.032162459733197,0,77.2504677436725,0.9973079466608445
2024-02-04,MCH_008,22.97787955537394,1,68.47131428380467,1.0245872592124496
2024-02-04,MCH_009,16.01066135670983,0,76.98400393054735,0.9484577619559938
2024-02-04,MCH_010,17.88075330342438,0,74.94699605447512,1.0258866550448684
2024-02-05,MCH_001,26.097437961002996,0,83.78909660355109,0.9739625788439086
2024-02-05,MCH_002,20.26880022947356,0,70.31086770495133,1.087338352538516
2024-02-05,MCH_003,19.259807005818526,0,75.51284227278285,0.999052043060125
2024-02-05,MCH_004,21.42870681578439,0,72.2920717217169,1.257298177292261
2024-02-05,MCH_005,18.099039877049613,0,81.1296239635834,1.3930514881106961
2024-02-05,MCH_006,24.11782503643621,0,83.81221902626137,1.6132921645222429
2024-02-05,MCH_007,22.863347837270922,0,81.69935633269722,0.8072672673751377
2024-02-05,MCH_008,15.019176816824789,0,76.31465663303005,0.7124084356918565
2024-02-05,MCH_009,7.220120972553492,0,79.66313176856175,1.0371278617808821
2024-02-05,MCH_010,20.086468081999477,0,74.71521150019926,1.6570850706713092
2024-02-06,MCH_001,22.262330677944597,0,82.10478366567166,0.47259069993111513
2024-02-06,MCH_002,25.15300134860859,0,78.93010087214883,1.239437159046473
2024-02-06,MCH_003,28.499028233889064,0,76.69830906906486,1.133543094424547
2024-02-06,MCH_004,22.57186491161493,0,82.08732519153813,1.2895132613198494
2024-02-06,MCH_005,19.872150517287754,1,79.6451915284335,0.5658625810028669
2024-02-06,MCH_006,22.38302932593727,0,67.57171154129487,0.24661568727318894
2024-02-06,MCH_007,12.396466351723525,0,73.91166666143386,1.6111902869657975
2024-02-06,MCH_008,15.521478279461338,0,75.9661474509381,1.015162274985005
2024-02-06,MCH_009,12.902013975069298,0,74.8530585131581,0.9315845498758665
2024-02-06,MCH_010,30.222354682366497,0,73.2009049115652,0.768008147014221
2024-02-07,MCH_001,20.71076005792898,0,71.47089136453717,0.7185334411173456
2024-02-07,MCH_002,26.013906770711714,0,81.45517065127498,0.9846839051383502
2024-02-07,MCH_003,28.864344991069476,0,75.44971875765708,1.2236757297992074
2024-02-07,MCH_004,27.626746392786863,0,70.50218031163428,1.1811505660925785
2024-02-07,MCH_005,21.39331119501777,0,80.49478506355592,0.5313215803508374
2024-02-07,MCH_006,23.670983650854424,0,78.59892691632882,0.25121029673714657
2024-02-07,MCH_007,25.89707901619576,0,78.06894856287036,1.0376095515277122
2024-02-07,MCH_008,16.564710711889955,0,71.62506104926948,0.7976718176870137
2024-02-07,MCH_009,23.605581301009536,0,70.97647628535894,0.9701696666043972
2024-02-07,MCH_010,24.344424947107697,0,65.80592473961212,0.4137293572659042
2024-02-08,MCH_001,27.77658024725289,0,75.39160491652872,1.4525409297467597
2024-02-08,MCH_002,24.205547502767494,0,66.6137577663055,1.2441939683759509
2024-02-08,MCH_003,20.947523090551677,0,77.24703406814986,1.609713258402743
2024-02-08,MCH_004,30.349929121181702,0,66.46531575043294,1.0904155895559784
2024-02-08,MCH_005,16.014411217835935,0,74.19423722119856,1.2562885414032618
2024-02-08,MCH_006,11.81963377257669,0,76.60784978973994,0.8780036496641673
2024-02-08,MCH_007,19.914314721147612,0,71.25802743616379,1.06682064474987
2024-02-08,MCH_008,20.799616393689757,0,77.77789564665379,1.2665785982436395
2024-02-08,MCH_009,23.14519976214164,0,76.43952233091044,1.1749443290385342
2024-02-08,MCH_010,19.007633076691555,0,82.38625524199489,0.7848671900843475
2024-02-09,MCH_001,21.697931331294793,0,74.71880195217034,1.1790854194486968
2024-02-09,MCH_002,10.996058703439834,0,72.01471976849028,0.870076838800402
2024-02-09,MCH_003,14.635964459589964,0,69.54012010507488,1.2483255495557053
2024-02-09,MCH_004,12.949599762526722,0,69.98199180582911,1.106358981651095
2024-02-09,MCH_005,19.581643538725007,0,81.29438222833855,0.942802364169968
2024-02-09,MCH_006,8.972050817031022,0,75.69655362073814,1.3276270616044912
2024-02-09,MCH_007,31.156593559616823,0,71.72152695610566,1.0380101328226334
2024-02-09,MCH_008,10.739722822657852,0,74.99111318950948,1.1900319993626571
2024-02-09,MCH_009,12.081056118737543,0,76.72685763766398,0.6069727789998207
2024-02-09,MCH_010,18.666123976590498,0,77.22723246937645,0.7087647300331368
2024-02-10,MCH_001,13.484196564789766,0,86.69294535889713,0.9725922141381016
2024-02-10,MCH_002,24.23590420813364,0,71.65922222162979,0.819747145727195
2024-02-10,MCH_003,33.8990140404524,0,71.9031174369185,0.9045206288879533
2024-02-10,MCH_004,10.325501233576581,0,72.6126694958667,0.8617820799212965
2024-02-10,MCH_005,23.810599517452097,0,74.4038800691537,1.2244597637084442
2024-02-10,MCH_006,21.827743932808627,0,70.85114612754714,1.022616718946606
2024-02-10,MCH_007,19.1218664697749,0,72.80641051434938,0.8165807569664941
2024-02-10,MCH_008,20.8540105575215,0,75.67822501107779,0.6315303262506471
2024-02-10,MCH_009,20.834862813725845,0,63.38896283331481,0.5521974949737558
2024-02-10,MCH_010,15.95892666866565,0,79.83246800600071,0.7064370585799491
2024-02-11,MCH_001,22.75652081439219,0,75.2048312658297,1.3003435255344344
2024-02-11,MCH_002,21.647819561241523,0,76.43203561899492,0.9961759832421231
2024-02-11,MCH_003,25.470325261480728,0,67.1920717230232,1.158594779905423
2024-02-11,MCH_004,22.523108236160386,0,76.03083902743536,0.903444809428327
2024-02-11,MCH_005,17.605280336172232,0,83.1376040762312,1.3134121708401418
2024-02-11,MCH_006,21.206029546483503,0,71.53686078356775,0.6514834658334397
2024-02-11,MCH_007,15.829708980829466,0,72.55368996489834,1.2019187688747877
2024-02-11,MCH_008,13.068260498237452,0,76.4024269583668,0.32243451202631856
2024-02-11,MCH_009,18.88238007939585,1,77.7490887493141,0.9491074375309814
2024-02-11,MCH_010,14.2922619735185,0,77.55192586708692,1.3673434092097916
2024-02-12,MCH_001,32.54246032140237,0,79.18805214782948,1.5774058174726409
2024-02-12,MCH_002,22.176290764212087,0,73.63693131129838,0.5422105086736162
2024-02-12,MCH_003,19.3826739182042,0,78.68222868441053,0.9477037227203865
2024-02-12,MCH_004,30.491266496057122,1,81.97219312478506,0.8072163880649074
2024-02-12,MCH_005,13.342764511947891,0,78.19358458431925,1.3683360554527033
2024-02-12,MCH_006,19.771656638796834,0,71.68286790210132,1.1359858674038845
2024-02-12,MCH_007,16.863648912409612,0,75.97378432697151,1.6070762224766275
2024-02-12,MCH_008,19.860083500056707,0,77.71807724229527,1.2463242466213402
2024-02-12,MCH_009,21.375556672206553,0,76.25491322762936,1.1002317412176272
2024-02-12,MCH_010,26.049877656060907,0,73.59267988054563,1.291350235042796
2024-02-13,MCH_001,12.598663609527753,0,78.28101228108746,1.534821099967515
2024-02-13,MCH_002,27.275256942057286,0,77.88609735611179,1.2439084734563939
2024-02-13,MCH_003,12.047941088081599,0,70.13462115252352,1.389357188235103
2024-02-13,MCH_004,13.853631482853544,0,73.6020786056586,1.1686760122611548
2024-02-13,MCH_005,24.55855028299571,0,80.80751100480553,0.8306035934453919
2024-02-13,MCH_006,21.376838619897413,0,86.25999846865372,1.0186880742209947
2024-02-13,MCH_007,31.32194322673998,1,86.06694074953303,0.9987758621907876
2024-02-13,MCH_008,21.812146000172337,0,69.65161661553623,0.991471281645684
2024-02-13,MCH_009,22.649808352634604,0,71.91973781527145,1.6494657995376758
2024-02-13,MCH_010,24.230899751115658,0,74.68273991965587,1.056945561585679
2024-02-14,MCH_001,13.23480466333198,0,70.84254366149892,0.43750305131226985
2024-02-14,MCH_002,20.362553743656406,0,69.36798368558972,1.2846585442900942
2024-02-14,MCH_003,11.159601082664437,0,78.06178896360817,1.1552124871707548
2024-02-14,MCH_004,21.292910152045295,0,82.88836047156143,0.7477301989513838
2024-02-14,MCH_005,18.690225929167994,0,72.04316977420004,1.7319224607180521
2024-02-14,MCH_006,28.77989936728921,1,76.23979423046363,1.0158669950147023
2024-02-14,MCH_007,19.92845642972339,0,71.17319492106412,0.7781656433937376
2024-02-14,MCH_008,11.871930838381076,0,75.22862911774304,1.0367689463581722
2024-02-14,MCH_009,18.53346548783541,0,70.95509361712847,0.9536140645798904
2024-02-14,MCH_010,18.235656013244423,0,79.4643340169866,1.1100667426188395
2024-02-15,MCH_001,18.776590412577324,0,73.43607073505197,0.8429090400154368
2024-02-15,MCH_002,26.638087855349504,0,70.94191489356244,1.199479746234006
2024-02-15,MCH_003,23.754299402547147,0,79.39661701821257,1.4234727301980876
2024-02-15,MCH_004,21.347731311168502,0,83.82378610578651,1.3748979298445219
2024-02-15,MCH_005,15.060274015389027,0,78.69113937647734,1.1903636020223096
2024-02-15,MCH_006,18.12945378135062,0,70.10309132674507,1.1444506798253642
2024-02-15,MCH_007,21.96572281697875,0,70.65621788418156,0.9964539229795155
2024-02-15,MCH_008,11.605234719104683,0,79.45351316668368,1.577594134381639
2024-02-15,MCH_009,17.951288906876094,0,74.25302090703627,1.2942491412746508
2024-02-15,MCH_010,13.15443060668709,0,75.42514430109998,0.8124813202424552
2024-02-16,MCH_001,18.636603148696118,0,75.66127950449781,1.2413818076468157
2024-02-16,MCH_002,16.741166468096292,0,74.35056337031882,1.5664877445006535
2024-02-16,MCH_003,17.866502698626388,0,77.6169342546361,1.2638709458688124
2024-02-16,MCH_004,24.303094872717953,0,65.04834607804608,1.6498716248626026
2024-02-16,MCH_005,18.132982961261042,0,76.39824344322994,0.786925229659229
2024-02-16,MCH_006,21.21837820205677,0,83.80940592471046,1.1316268368612943
2024-02-16,MCH_007,15.791110271536986,0,70.37985936911635,0.9701291286861241
2024-02-16,MCH_008,16.400918790608245,0,69.59290078608213,1.3670160009101437
2024-02-16,MCH_009,28.57758066977103,0,83.5276639654758,0.9323701241536712
2024-02-16,MCH_010,13.726210349207689,0,67.65611251675126,1.1982361405401134
2024-02-17,MCH_001,23.099120216249403,0,83.4858195317185,1.1445260538603848
2024-02-17,MCH_002,15.620992279558674,0,76.6176001264345,0.8208770616405978
2024-02-17,MCH_003,27.210212944589692,0,72.18749009174842,0.7569211748406157
2024-02-17,MCH_004,17.42172259310029,0,71.00650545776288,1.1220600672991743
2024-02-17,MCH_005,29.996822814853505,0,69.71454812556242,0.36786636071415746
2024-02-17,MCH_006,18.681136691169044,0,75.55800796272824,0.6587667124339682
2024-02-17,MCH_007,20.310179502138986,0,77.08936526565556,1.1863223461838412
2024-02-17,MCH_008,17.698096117870094,1,78.11044919452266,0.2709050981915889
2024-02-17,MCH_009,17.35219934854411,0,70.63916499824225,0.609526744262318
2024-02-17,MCH_010,22.219588747344844,0,76.8283160199109,0.9571947845817276
2024-02-18,MCH_001,11.527559853959529,0,67.56109488752233,0.973691187453571
2024-02-18,MCH_002,25.48249044171446,0,70.28015543312716,1.125124482810746
2024-02-18,MCH_003,14.33906701552079,0,76.78240696359813,1.6021860846360774
2024-02-18,MCH_004,24.876304952670182,0,79.72254650389442,0.7803465940454699
2024-02-18,MCH_005,12.378926250890922,0,72.91759891966664,0.7937044621054874
2024-02-18,MCH_006,30.805105983053927,0,79.84151329540211,0.36839242517464366
2024-02-18,MCH_007,14.981410670689389,0,75.80161742222113,0.8546290362943882
2024-02-18,MCH_008,18.487171712799306,0,75.11051193298064,0.934467460059971
2024-02-18,MCH_009,18.041439630957488,0,69.16492561281984,1.0475247148514981
2024-02-18,MCH_010,18.608964716578136,0,82.42329970235059,0.7766841303662042
2024-02-19,MCH_001,17.073153276999303,0,79.97655219555423,0.9851050165907507
2024-02-19,MCH_002,7.135226596545392,0,76.7714643910313,1.2003193998976185
2024-02-19,MCH_003,11.057800441713562,0,68.92922288240146,1.125941483295395
2024-02-19,MCH_004,25.359092854495216,1,79.59571643707537,0.6055542876120705
2024-02-19,MCH_005,19.8077560705882,0,71.87876019575035,0.7518304220297702
2024-02-19,MCH_006,19.54818822163918,0,72.49647129413313,1.5913935723679984
2024-02-19,MCH_007,18.88479085523257,0,74.85889757798637,0.8292813661244793
2024-02-19,MCH_008,14.58557411917661,0,72.65419217361976,0.6144553532552752
2024-02-19,MCH_009,32.24396875797348,0,82.93481952820247,1.4115075749090256
2024-02-19,MCH_010,12.947668524573443,0,74.05120040675355,0.8099237231020667
2024-02-20,MCH_001,23.727316388987088,0,70.53576186571746,0.6705283105123587
2024-02-20,MCH_002,20.17628958353338,0,72.49368148694353,1.0358494778785725
2024-02-20,MCH_003,11.42723210890572,0,73.40933448729908,0.8361435692777555
2024-02-20,MCH_004,17.40642174612348,0,74.02914421925071,0.9950964492214696
2024-02-20,MCH_005,21.945179164930668,0,72.52016997355665,0.4902766504707393
2024-02-20,MCH_006,16.378726509187093,0,72.12531139733777,0.717937874229825
2024-02-20,MCH_007,13.047298075743893,0,77.90705403416155,1.4697140449726702
2024-02-20,MCH_008,19.350682380097563,0,85.65722681016732,1.2307277328564956
2024-02-20,MCH_009,15.599844754081076,0,79.46217621061037,1.3007802791790273
2024-02-20,MCH_010,24.171660565673555,0,80.71724345070521,1.1081516269514975
2024-02-21,MCH_001,23.528411124195593,0,76.09043648039459,0.160262687089055
2024-02-21,MCH_002,6.2426562908253835,0,78.06755372190692,1.0272884362744918
2024-02-21,MCH_003,10.62398610991311,0,72.49021693887696,0.46075750502647883
2024-02-21,MCH_004,24.95452646315827,0,80.68643300584078,0.6556570503322842
2024-02-21,MCH_005,20.898245689823938,0,77.9563270755629,1.0956677221345539
2024-02-21,MCH_006,18.07572835832562,0,75.72915841248118,1.1747889297903085
2024-02-21,MCH_007,15.814695680132562,0,70.92974291727758,1.0696598296462099
2024-02-21,MCH_008,17.978289235620398,0,78.36422130236843,1.3290870968798576
2024-02-21,MCH_009,18.971740700647153,0,78.25313356181341,0.6781501094796034
2024-02-21,MCH_010,21.07998606656882,0,77.67620413337471,0.8475894629527438
2024-02-22,MCH_001,21.98413551613971,0,71.1606530619961,1.0589916699036135
2024-02-22,MCH_002,21.843984209313497,0,77.16295233386201,0.9252249967897404
2024-02-22,MCH_003,21.505130778364336,0,73.04893911479165,0.687469121548576
2024-02-22,MCH_004,14.837465390602262,0,80.33793691288932,1.5085487511351796
2024-02-22,MCH_005,16.185707917618096,0,75.29574924641928,0.7846925628153818
2024-02-22,MCH_006,19.55515189319057,0,63.28121193162616,0.8436051775716842
2024-02-22,MCH_007,24.425877074283783,0,68.64691882893848,0.4424033405140172
2024-02-22,MCH_008,19.63452566492535,0,71.91659630875299,1.0152908104630023
2024-02-22,MCH_009,16.9202264412907,0,80.58334571586825,1.2367854662332693
2024-02-22,MCH_010,23.11958939403141,0,78.85751471085048,1.452064270677087
2024-02-23,MCH_001,20.327803038965268,0,72.3450826198722,1.5804668005910445
2024-02-23,MCH_002,7.60851592221945,0,78.32173863425184,1.50723388162868
2024-02-23,MCH_003,14.929779760190481,0,75.63905217612503,1.7250613329732343
2024-02-23,MCH_004,28.45491883865934,0,67.98217073310938,1.0938386757823153
2024-02-23,MCH_005,16.883483188323577,0,84.03501654421169,1.3016934024383882
2024-02-23,MCH_006,21.651737314813058,0,78.78459759703884,0.7071106970707149
2024-02-23,MCH_007,16.073086028895393,0,74.7705585344428,0.7006855545801597
2024-02-23,MCH_008,16.062565731431963,0,70.44761212601345,0.5936509211809162
2024-02-23,MCH_009,17.312615953364034,0,79.9312417183192,0.9677638895828918
2024-02-23,MCH_010,16.937558778651425,0,65.72520046967773,1.0923456712739157
2024-02-24,MCH_001,18.05183186517097,0,78.22446714125304,1.095771961456704
2024-02-24,MCH_002,18.204612734763998,0,76.16136606604182,0.971107509819249
2024-02-24,MCH_003,19.825918911670186,0,90.50352703210541,1.1748361546307615
2024-02-24,MCH_004,20.60762999608053,0,69.37026230768053,0.8699771537965637
2024-02-24,MCH_005,16.290952799024794,0,75.81352974806042,0.4321589974458745
2024-02-24,MCH_006,9.16623404627691,1,73.89855982698164,1.2274447811984353
2024-02-24,MCH_007,21.93085028699913,0,77.74506721299926,1.474946692097781
2024-02-24,MCH_008,23.941198853806156,0,76.84014420368295,1.0450039415802086
2024-02-24,MCH_009,22.585292937531815,0,73.09442468950589,0.9439380268284058
2024-02-24,MCH_010,30.931868446629245,0,77.109107230708,1.4331122722892042
2024-02-25,MCH_001,26.325853743719037,0,79.46096568105831,1.1570419284480196
2024-02-25,MCH_002,29.16224930421792,0,76.97799888778788,0.9206082862242058
2024-02-25,MCH_003,21.889293432687747,0,69.87664882165429,0.8852769838280345
2024-02-25,MCH_004,22.013117392850738,0,84.86823187321306,1.1226778156334698
2024-02-25,MCH_005,19.817650816848573,0,69.32946492304406,1.3223145802084324
2024-02-25,MCH_006,20.191669237038017,0,79.00860300923104,0.3747366523641026
2024-02-25,MCH_007,15.945449510773361,0,80.46689232289853,0.7460172659633323
2024-02-25,MCH_008,20.119822427713782,0,74.65353025123699,0.7977504333160601
2024-02-25,MCH_009,20.34172295460853,0,77.42536852633106,0.5592432885569663
2024-02-25,MCH_010,23.5540711037306,0,67.75449750331971,1.4896960378516308
2024-02-26,MCH_001,14.028182019901154,0,66.78915004053242,1.121931454143478
2024-02-26,MCH_002,24.123047741042317,0,81.30712692547795,1.030938163835552
2024-02-26,MCH_003,25.96942721822516,0,72.04223212137092,1.0643873380615894
2024-02-26,MCH_004,20.663818570629665,0,77.78081191636765,1.345844129725932
2024-02-26,MCH_005,22.53993681381032,0,84.84166047476856,0.8299962042337944
2024-02-26,MCH_006,25.33234958454296,0,81.42182396100061,0.6898933502292217
2024-02-26,MCH_007,8.319391387788514,0,73.01239882453001,1.5183636517555883
2024-02-26,MCH_008,22.322776532304953,0,83.39409708880379,1.2464502231247883
2024-02-26,MCH_009,22.98484827273969,1,79.91511988052055,1.0093216340124755
2024-02-26,MCH_010,24.062735383940066,0,74.87353137377248,0.8247091636043365
2024-02-27,MCH_001,21.5204853081311,0,74.27183302433876,1.4882962616129434
2024-02-27,MCH_002,18.966653098399195,0,69.48074998817398,1.1600261426940492
2024-02-27,MCH_003,27.36269511734627,0,82.98393493486334,1.5874687275212445
2024-02-27,MCH_004,19.190267538998267,0,76.03272709298685,1.5608185653123057
2024-02-27,MCH_005,21.018866892275305,0,71.45961407269796,0.6936051718596672
2024-02-27,MCH_006,20.704294011534042,0,82.4446741769646,0.5198117276191044
2024-02-27,MCH_007,21.051488882735665,0,72.80728254681331,1.0908617849896107
2024-02-27,MCH_008,25.354042833403195,0,74.53291149557681,0.32041876167240935
2024-02-27,MCH_009,20.480997691653474,0,67.81534834810648,1.3665171406964793
2024-02-27,MCH_010,20.032384189815826,0,72.84340500472639,1.1436588633380889
2024-02-28,MCH_001,21.52894469890932,0,79.21231198203932,0.5346314392865684
2024-02-28,MCH_002,32.704771980101896,0,78.52392835752089,1.1075005922224372
2024-02-28,MCH_003,20.739181763928215,0,72.96913274368171,1.570202779648123
2024-02-28,MCH_004,19.979167808352745,0,81.80537679635466,1.041142248720155
2024-02-28,MCH_005,18.223338916882103,0,75.07959791570048,0.8825060735805651
2024-02-28,MCH_006,31.305900054917025,0,75.94283001231953,1.016400869643904
2024-02-28,MCH_007,22.082137073030626,1,76.31148100398188,0.878569839000035
2024-02-28,MCH_008,18.23279013680693,0,70.78851359333545,1.0691176533799491
2024-02-28,MCH_009,23.22383589404429,0,81.63626201109291,1.2961001028794819
2024-02-28,MCH_010,15.248712253041344,0,70.93811893056919,1.3714058718886768
2024-02-29,MCH_001,20.79763554226318,0,72.66114696604924,0.9559947603237396
2024-02-29,MCH_002,20.398218032462026,0,64.12198413646398,1.5062460794366124
2024-02-29,MCH_003,24.425215277358408,0,81.71979510424681,0.9739647245535098
2024-02-29,MCH_004,20.535248812726415,0,75.9704904003402,0.6991038884352263
2024-02-29,MCH_005,18.361623639656717,0,69.89261331228705,0.8622469599168733
2024-02-29,MCH_006,18.678006741236928,0,73.82817370532766,1.045310321279703
2024-02-29,MCH_007,19.139498353061576,0,81.93017054775277,0.690681455770936
2024-02-29,MCH_008,22.757404192144538,0,73.56775219608755,1.0575150175821544
2024-02-29,MCH_009,15.46323243809005,0,78.09713962816357,1.0707768466078957
2024-02-29,MCH_010,16.627685048339785,1,84.35717905663164,0.7240774930180323
2024-03-01,MCH_001,20.99577879899962,0,78.56893165382218,1.2069499539438426
2024-03-01,MCH_002,24.454015300001448,0,77.49357591373207,1.235776852928887
2024-03-01,MCH_003,13.561415268420372,1,76.77077576871997,0.7230585547527003
2024-03-01,MCH_004,18.428098295123725,0,70.52899742945674,0.7943128303700099
2024-03-01,MCH_005,11.756746349626548,0,72.61364506899857,0.8558718237037011
2024-03-01,MCH_006,24.178490624770788,0,71.67327243186425,1.140860952691662
2024-03-01,MCH_007,13.82757155221882,0,80.8615123825305,1.1854989381684384
2024-03-01,MCH_008,34.90122681782623,0,70.27756013590209,1.237393231974099
2024-03-01,MCH_009,19.348870765279194,0,73.30149978200019,1.3880157622951954
2024-03-01,MCH_010,27.20806941248049,0,71.99755809354,1.0639349832306166
2024-03-02,MCH_001,26.308332654680243,0,79.13285200785943,0.609664451700499
2024-03-02,MCH_002,17.500882884043655,0,67.71518286817411,0.8176714304659879
2024-03-02,MCH_003,15.558610698382633,0,77.01758295201634,0.5970498576130918
2024-03-02,MCH_004,15.670836941380609,0,71.02549080275011,1.4241627935022654
2024-03-02,MCH_005,13.726799327725022,0,78.26019969413059,1.0901113638932816
2024-03-02,MCH_006,25.4315055405997,0,74.25443867870074,0.6550022010901564
2024-03-02,MCH_007,20.53320461123531,0,69.28802925960336,1.1283686237517476
2024-03-02,MCH_008,20.998686607012225,0,80.37076917286817,0.7654035758606961
2024-03-02,MCH_009,18.183156139619754,0,71.4428006096952,0.6055606202893682
2024-03-02,MCH_010,25.67079005109071,0,74.10055657091975,1.169080554162422
2024-03-03,MCH_001,17.819613760042714,0,76.00077546446394,0.49844549203843025
2024-03-03,MCH_002,18.182213532809136,0,70.1306712596301,0.8644899711643192
2024-03-03,MCH_003,9.067711013709737,0,74.32735999307145,1.4350737242259128
2024-03-03,MCH_004,23.049215832335076,0,77.15733632141186,0.8002260873547882
2024-03-03,MCH_005,26.910471983856752,0,80.23309471393758,0.8871789700354961
2024-03-03,MCH_006,26.051470151212374,0,79.61741285109002,1.0238657239739335
2024-03-03,MCH_007,23.732767527028415,0,76.7862096716865,0.8381231764228292
2024-03-03,MCH_008,18.717637571453324,0,78.56356742810345,0.7792466195080885
2024-03-03,MCH_009,33.746755284718056,0,66.36132206714726,1.2498801483433397
2024-03-03,MCH_010,13.968501201263667,0,68.51232448677537,0.4944716497949109
2024-03-04,MCH_001,24.726589863627044,0,76.82658232576527,0.25662532443533237
2024-03-04,MCH_002,15.11108621690665,0,79.3366111466841,0.8582499847370915
2024-03-04,MCH_003,17.07283658462426,0,79.14246300293314,1.1661943767252931
2024-03-04,MCH_004,24.876437645838273,0,68.80228022799179,0.7489479124615799
2024-03-04,MCH_005,22.033535367526923,0,76.85784788038629,0.9978416533837825
2024-03-04,MCH_006,26.580251045418873,0,75.63298440778527,1.3711518805420653
2024-03-04,MCH_007,18.83519358945626,0,77.94944064724689,0.910917750668466
2024-03-04,MCH_008,13.130572868016646,0,70.16275237410797,1.005920682224705
2024-03-04,MCH_009,19.303193657547226,0,81.35359339131402,1.1659394414358795
2024-03-04,MCH_010,23.64005576924275,0,68.5211696968495,0.9792343527405227
2024-03-05,MCH_001,16.533569808846238,0,63.53129551405058,1.1278999009608448
2024-03-05,MCH_002,14.915836282316628,0,71.35520824399254,1.4161904526787021
2024-03-05,MCH_003,10.566625925191056,0,73.77885850773626,0.4860034511830986
2024-03-05,MCH_004,27.177416743862054,0,73.50763533790705,1.3352093407488315
2024-03-05,MCH_005,30.350556348151798,0,82.83717959935926,1.1935666698993168
2024-03-05,MCH_006,13.522454793998046,0,77.02775260144743,1.2885865625910284
2024-03-05,MCH_007,15.445514697529633,0,71.89923864008372,1.1592657313808257
2024-03-05,MCH_008,19.544340782586463,0,69.10871014107497,1.0785222104120409
2024-03-05,MCH_009,27.431859003417042,0,75.5846548390339,1.2644823507939011
2024-03-05,MCH_010,20.23835920377759,0,86.68138097662447,1.251380236645836
2024-03-06,MCH_001,17.048530679137222,0,81.22160957856758,0.7951854380462273
2024-03-06,MCH_002,23.4837195365505,0,78.86896278779085,0.8543305879060334
2024-03-06,MCH_003,17.983488100893695,0,77.37288486632927,1.4612734214318386
2024-03-06,MCH_004,22.041698065799626,0,85.52255439000339,0.6718573254895364
2024-03-06,MCH_005,20.74477279241757,0,70.1250730144353,0.6520749481133931
2024-03-06,MCH_006,23.554346125417158,0,73.96922887071278,1.0862078656204792
2024-03-06,MCH_007,25.16337082112363,0,74.47067238296417,0.07185108739190083
2024-03-06,MCH_008,25.15649708550271,0,61.94653124010278,0.8393437550329214
2024-03-06,MCH_009,15.969057963575619,0,72.85145757037606,0.9318528305880882
2024-03-06,MCH_010,16.30626081462165,0,86.60166554139596,1.4037681859815159
2024-03-07,MCH_001,13.294029123855191,0,75.57420369438849,0.6976087444078356
2024-03-07,MCH_002,21.71694222556125,0,68.95211236876403,0.5533807643401243
2024-03-07,MCH_003,13.764574415225079,0,65.41286778397304,0.9771180918743646
2024-03-07,MCH_004,20.99828962995205,0,87.07579170981859,1.0388988340163974
2024-03-07,MCH_005,19.06768933471685,0,80.47873183147256,0.9007975463314947
2024-03-07,MCH_006,7.895187816460554,0,79.37269029759388,0.6836138171872318
2024-03-07,MCH_007,16.898695188958406,0,75.44476699599764,1.2490201775731327
2024-03-07,MCH_008,24.01143527536266,0,72.79731946850207,0.5463993584849105
2024-03-07,MCH_009,20.400683146002564,0,70.33500659396901,1.3912655675518253
2024-03-07,MCH_010,20.93366098890022,0,76.64103478042948,0.714865999425188
2024-03-08,MCH_001,15.194918995155145,0,83.24637958830232,1.3924193335666315
2024-03-08,MCH_002,27.21882558477941,0,83.79650889842706,1.6350747184791947
2024-03-08,MCH_003,23.397060280512854,0,79.89376404692297,1.1047211337312266
2024-03-08,MCH_004,20.655610087461813,0,71.35787967954909,0.9086843017007122
2024-03-08,MCH_005,12.131798540659537,0,78.39970469964591,0.8996253693343208
2024-03-08,MCH_006,17.006380145575996,0,72.57105662506895,0.7017497590941926
2024-03-08,MCH_007,24.34532954587246,0,67.63337219665603,1.2129541657539193
2024-03-08,MCH_008,14.764131911674118,0,78.91695985773518,0.7759001226099226
2024-03-08,MCH_009,13.699014772726441,0,75.94910090450733,1.1895370043253441
2024-03-08,MCH_010,18.743064994343662,0,77.12727364214345,1.0714961178750615
2024-03-09,MCH_001,17.38683247652962,0,74.80950508560035,0.5450079363839777
2024-03-09,MCH_002,16.01866703706517,0,76.4868528340505,0.9742292164779621
2024-03-09,MCH_003,23.660313332964378,0,78.38240989312854,1.1047438339898406
2024-03-09,MCH_004,20.51864395274397,0,76.00426726396923,0.9910736838035092
2024-03-09,MCH_005,21.39330952713931,0,72.01522721953955,1.0701623446183313
2024-03-09,MCH_006,27.570398804429985,0,75.53272826849768,1.4138878922381886
2024-03-09,MCH_007,18.99097696763783,0,80.26289357332391,1.282412349365704
2024-03-09,MCH_008,20.23844314457979,0,75.76706280883369,0.9699937354206613
2024-03-09,MCH_009,27.32836570095368,0,71.29732576793513,1.050856278249648
2024-03-09,MCH_010,20.247465094662097,0,71.38872443514666,0.9248327694101977
2024-03-10,MCH_001,9.213613248930342,0,68.27840323111275,0.31418412153942454
2024-03-10,MCH_002,27.75176736079583,0,69.88400588267851,0.689583183481684
2024-03-10,MCH_003,10.573010259512074,0,75.42427674161038,0.44799531256929115
2024-03-10,MCH_004,21.54377636267824,1,77.00001286355477,0.8829958379767225
2024-03-10,MCH_005,12.82059052126285,0,80.46833629044701,0.5681836838766903
2024-03-10,MCH_006,26.894476149831483,0,71.05812852135095,1.1519747851920585
2024-03-10,MCH_007,9.897689327256229,0,69.21195185118424,1.0465692376777438
2024-03-10,MCH_008,25.677876180547205,0,79.0802865632779,0.5745737875168373
2024-03-10,MCH_009,19.932358354552388,0,66.83175309605829,0.9226016502801906
2024-03-10,MCH_010,21.253881854386837,0,73.89519656481053,1.207299254993359
2024-03-11,MCH_001,21.719933159394294,1,77.82311594022028,1.5326868854328466
2024-03-11,MCH_002,5.816643280049192,0,69.46790735187146,1.0888233173353032
2024-03-11,MCH_003,16.926188082421362,0,71.92869681360634,0.8388262016675868
2024-03-11,MCH_004,21.672331608606136,0,76.32056375572792,1.1728041763703416
2024-03-11,MCH_005,19.391656302698507,0,76.30432449447376,0.7228503135667299
2024-03-11,MCH_006,17.709346197542242,0,82.16486480227603,1.4478302665325113
2024-03-11,MCH_007,20.226530441781954,0,79.28594493093294,0.9392337084236668
2024-03-11,MCH_008,17.487368783428924,0,74.3257128499139,1.1342275480701016
2024-03-11,MCH_009,24.882394657586943,0,73.73766850018372,0.8653124579088374
2024-03-11,MCH_010,28.707076290405766,1,77.35949394680884,0.9329496450939563
2024-03-12,MCH_001,20.910809576180025,0,68.7248222987033,0.9812099203383197
2024-03-12,MCH_002,15.115356240037421,0,78.31462544936737,1.007702584450661
2024-03-12,MCH_003,22.49893178546128,0,81.53547896108293,1.087137385976894
2024-03-12,MCH_004,21.41925576585181,0,68.32944076007313,1.2610759352239511
2024-03-12,MCH_005,24.69322048022253,1,72.11349877916074,1.0747480757515986
2024-03-12,MCH_006,20.30094937463416,1,78.55393995359903,0.8309838221413106
2024-03-12,MCH_007,25.292716736958926,0,78.28810930641578,1.1694720185345964
2024-03-12,MCH_008,10.743761336720173,0,75.8230076592394,0.6776149521303299
2024-03-12,MCH_009,21.972694118766935,0,80.59571563131033,1.1462027981831415
2024-03-12,MCH_010,13.280589965771345,0,80.25274658185431,1.0542832572449132
2024-03-13,MCH_001,23.47757884132667,0,80.7258870977092,0.39299516841241
2024-03-13,MCH_002,22.516176797086747,0,73.2245366511066,1.6554238798023488
2024-03-13,MCH_003,21.953695727730977,0,70.24243174158518,0.722379119918039
2024-03-13,MCH_004,11.925725316477703,0,70.91344225189127,0.9050342529191383
2024-03-13,MCH_005,14.977632618620028,0,76.66932166954372,1.1130017498477283
2024-03-13,MCH_006,20.382205855543663,0,80.13495348550407,1.4392612540357792
2024-03-13,MCH_007,22.243024939914736,0,75.76822118979196,0.9162727327456215
2024-03-13,MCH_008,17.377028439995748,0,79.75103062101965,0.9525792128683195
2024-03-13,MCH_009,15.23299662919629,0,68.59169841119217,0.8522443085914833
2024-03-13,MCH_010,28.20134516870271,1,68.6225076395941,1.14591874536348
2024-03-14,MCH_001,24.848495858893394,0,76.12641706080267,1.25444289638107
2024-03-14,MCH_002,24.374706764583138,0,79.24952987669268,0.7615977368607681
2024-03-14,MCH_003,8.449931825352694,0,79.05499077777057,0.6962896488688897
2024-03-14,MCH_004,16.910212084341257,0,65.67339729111947,0.937017831482623
2024-03-14,MCH_005,21.777339885306887,0,81.4902225517866,1.0703591481606438
2024-03-14,MCH_006,19.252003373451423,0,76.60912380181522,1.0558003838878527
2024-03-14,MCH_007,16.842614152266833,0,77.7047090497739,0.7914815412973754
2024-03-14,MCH_008,19.238928470766574,0,66.33182561230507,0.9309242350811772
2024-03-14,MCH_009,21.274395444929237,0,77.35810728566821,0.8199851079790266
2024-03-14,MCH_010,21.563034470768077,0,72.9534772567074,0.9205403893623516
2024-03-15,MCH_001,21.059819748179375,0,81.30777307880493,0.649639440824698
2024-03-15,MCH_002,14.035774495893659,0,74.13654516658406,1.5079754114890658
2024-03-15,MCH_003,27.255844878996058,0,76.23640250549077,1.102829540398047
2024-03-15,MCH_004,24.84513734647632,0,72.94007328403059,0.7994485525489716
2024-03-15,MCH_005,13.356747828378364,0,75.37616186802768,0.6686629962859318
2024-03-15,MCH_006,28.62287349197641,0,75.37074576957481,1.3581021868547165
2024-03-15,MCH_007,19.13960618701607,0,75.29818586687267,0.8548057326902732
2024-03-15,MCH_008,24.865030589046636,0,72.14001802318735,1.0242612370608948
2024-03-15,MCH_009,8.876017286908782,0,68.61680882206785,1.5108754399371922
2024-03-15,MCH_010,15.256496701559161,0,71.41029406612623,0.8571121356376715
2024-03-16,MCH_001,27.44870112577544,0,83.40203568191056,0.8472600087436014
2024-03-16,MCH_002,20.286047601133433,0,72.4609185947241,0.8827363055522515
2024-03-16,MCH_003,27.893013771165876,0,73.94911482177294,1.3413958961671404
2024-03-16,MCH_004,11.141732061601864,0,87.47836831138945,0.8985352358997537
2024-03-16,MCH_005,27.69796283011517,0,76.16374924810496,1.468919340538777
2024-03-16,MCH_006,25.444608861076624,1,69.40672931163546,1.1250626713730245
2024-03-16,MCH_007,25.185799153880907,0,82.61770254433716,0.9280375841576799
2024-03-16,MCH_008,24.913239764794483,0,70.29052036921502,1.3278962063672424
2024-03-16,MCH_009,18.00072783353444,0,68.59253282244339,1.1268504187471238
2024-03-16,MCH_010,22.86341535141045,0,78.6410393353515,1.2368083275918238
2024-03-17,MCH_001,19.005660245864593,0,69.78307204887133,1.0445610558603147
2024-03-17,MCH_002,15.501504310038392,0,71.25001425707748,0.4709975084202367
2024-03-17,MCH_003,21.170386788974188,0,73.95046491602496,0.9128807310999031
2024-03-17,MCH_004,21.144908645904366,0,75.57656361495627,0.6528887657031461
2024-03-17,MCH_005,27.000740239442365,0,85.20573506080403,1.1526199458376305
2024-03-17,MCH_006,25.591736048141783,0,84.24854789229107,0.8590585247430882
2024-03-17,MCH_007,11.493330022135018,0,78.255733536211,0.4819788552202684
2024-03-17,MCH_008,15.043656031676619,0,66.0986918059364,0.5696216186288154
2024-03-17,MCH_009,21.46957308426332,0,72.20657553793788,0.5845302285616534
2024-03-17,MCH_010,21.09732274849698,0,73.40576419407857,1.5466850260006955
2024-03-18,MCH_001,19.698722091084246,0,76.81247564924824,0.5430257915504979
2024-03-18,MCH_002,13.710276658080112,0,81.00630838381903,1.0925194456988083
2024-03-18,MCH_003,18.592645647179058,0,77.91273002444845,1.5012444279239774
2024-03-18,MCH_004,20.787342517557036,0,70.70643247148466,1.0177924367311535
2024-03-18,MCH_005,25.543315581813637,0,70.15021654159635,1.1823237146524477
2024-03-18,MCH_006,23.574557908509778,0,80.1918793846181,1.1798450575979804
2024-03-18,MCH_007,21.797675846900244,0,81.22094687124802,0.4405789903656674
2024-03-18,MCH_008,17.56997027492637,0,75.97140901761229,0.989049957830593
2024-03-18,MCH_009,13.424513908067173,0,74.02635386550887,1.1871128847707475
2024-03-18,MCH_010,14.209135560010012,0,84.1217383825799,1.3613935731055598
2024-03-19,MCH_001,24.690055875364312,0,76.51404033302151,0.4261251211411372
2024-03-19,MCH_002,21.115114506345463,0,71.47508193185881,1.4199310243954253
2024-03-19,MCH_003,23.6600912398685,0,80.65876374197596,1.0780930848250365
2024-03-19,MCH_004,30.649139890252002,0,81.42679516227274,1.1220134715945633
2024-03-19,MCH_005,21.256684113833593,0,71.65253212856356,1.4312621521791948
2024-03-19,MCH_006,21.396403372273003,0,74.55218401933239,0.9419778064777826
2024-03-19,MCH_007,21.694478841689705,0,71.37481480157578,0.9226568399329113
2024-03-19,MCH_008,16.476309420273104,0,77.91913245736609,0.837651690372347
2024-03-19,MCH_009,14.829207371346072,0,74.50258154145828,0.7360499275386985
2024-03-19,MCH_010,28.339750949789035,0,70.2684820707639,1.5874056514889665
2024-03-20,MCH_001,21.45490690238509,0,77.12061713644313,0.7684197493957121
2024-03-20,MCH_002,18.523004928731567,0,72.81593514938342,1.106443916992431
2024-03-20,MCH_003,11.31674927190007,0,76.87483030655112,1.2377600771320316
2024-03-20,MCH_004,17.275133016456575,0,78.28411765566031,0.9923241913732086
2024-03-20,MCH_005,23.532075516679402,0,80.50039232880141,1.4100803013755008
2024-03-20,MCH_006,16.76480532766895,0,76.72366890415138,1.2036767184997683
2024-03-20,MCH_007,21.030053087316055,0,79.49559995532601,0.7202029695858819
2024-03-20,MCH_008,20.6376280751919,0,81.8305254810593,0.971632361235387
2024-03-20,MCH_009,20.334410907779983,0,70.62445004891764,1.1137517152602832
2024-03-20,MCH_010,15.300660975067917,0,74.6148517065204,1.0997984668559835
2024-03-21,MCH_001,21.11441054869342,0,82.84384863137659,1.0429076838068538
2024-03-21,MCH_002,19.12375885665156,0,69.83850141974696,0.5251756622889561
2024-03-21,MCH_003,18.581659001850298,0,77.592013473976,0.8676318013930758
2024-03-21,MCH_004,13.912107069288677,0,75.70060119472772,1.139432379972205
2024-03-21,MCH_005,26.011433872769032,1,81.89051314374528,1.1336413079909544
2024-03-21,MCH_006,25.153054779986363,0,84.1977118911647,1.694427747846376
2024-03-21,MCH_007,9.03477836327685,0,74.04599671958356,0.6380118576389642
2024-03-21,MCH_008,24.197893952073006,0,78.12698454140137,0.3861525854233301
2024-03-21,MCH_009,22.77195523269644,0,76.79667081342711,0.8441636035625982
2024-03-21,MCH_010,18.712939724096376,0,69.01027835300206,1.2976481043881438
2024-03-22,MCH_001,28.348891709147242,0,74.0637951719276,0.6350117930236909
2024-03-22,MCH_002,21.95745685858056,0,68.1683228744275,0.8267702861018418
2024-03-22,MCH_003,21.904519517105236,0,74.33755501391451,0.6923274506084738
2024-03-22,MCH_004,16.0241823554638,1,81.02693711779293,1.1837493055371593
2024-03-22,MCH_005,16.481341653955262,0,74.68421628614507,1.130171616777178
2024-03-22,MCH_006,12.735385384964115,1,72.65596197466232,1.2167362188455524
2024-03-22,MCH_007,16.94677298017991,0,85.82026843406003,1.340634159995546
2024-03-22,MCH_008,14.507105513963584,0,76.91176598764982,1.0219184201298321
2024-03-22,MCH_009,23.91094581563816,0,86.41523098906302,0.44494170476818706
2024-03-22,MCH_010,20.18234544695455,0,67.8402142809259,1.313465212292887
2024-03-23,MCH_001,15.139296076364218,0,72.14918998681279,0.8743303522782665
2024-03-23,MCH_002,12.296092065512408,0,80.72905258867215,0.7668187938989321
2024-03-23,MCH_003,20.29695409413319,0,71.4103083670331,0.9792089499785365
2024-03-23,MCH_004,20.604252976661392,0,78.39449234997151,1.2190836656883781
2024-03-23,MCH_005,15.968857600397037,0,70.09634424103719,1.0847278380490155
2024-03-23,MCH_006,23.474038859072955,0,84.48671505258483,0.9159341580988923
2024-03-23,MCH_007,23.889212197798397,0,72.32167519902407,1.030084684261139
2024-03-23,MCH_008,22.501273535785224,0,69.97204666139051,0.3958863443178601
2024-03-23,MCH_009,19.43497349458429,0,80.44123482910538,0.17406877385390396
2024-03-23,MCH_010,26.108493313301828,0,72.47264007692921,0.8969032460453342
2024-03-24,MCH_001,16.648535694114827,0,74.93898671001521,1.064486555689547
2024-03-24,MCH_002,20.45283120613498,0,76.01264841637034,1.049814693403266
2024-03-24,MCH_003,19.984260893287185,0,71.64040271548167,1.1703589799516378
2024-03-24,MCH_004,23.017591367475468,0,86.23408894433236,1.0566200170095135
2024-03-24,MCH_005,23.9079610234091,0,74.58744361228787,1.1774280763065192
2024-03-24,MCH_006,15.612877988672665,0,70.56163786190032,0.9505267283992359
2024-03-24,MCH_007,24.96122190624301,0,62.99959410438457,0.7262081592952296
2024-03-24,MCH_008,10.427535534256014,0,67.92192252579639,1.3426204172131704
2024-03-24,MCH_009,20.273797631341584,0,68.04665055570673,0.7965508736201311
2024-03-24,MCH_010,15.35249276712187,0,78.44010351412737,1.0086049439549605
2024-03-25,MCH_001,19.417026106534003,0,83.25038416957705,0.4844372311453162
2024-03-25,MCH_002,22.717238126356683,0,73.58051647256069,0.8075835195045227
2024-03-25,MCH_003,17.76682967287065,0,61.701701283820384,1.540491388563148
2024-03-25,MCH_004,30.790871580235297,0,76.70747671333177,1.0972164575803607
2024-03-25,MCH_005,17.39544265365392,1,74.0700091652026,0.8348703704590064
2024-03-25,MCH_006,21.591119589449736,0,68.0095222635673,1.120221634374159
2024-03-25,MCH_007,20.095662511642427,0,71.53719410400657,1.1184165431996287
2024-03-25,MCH_008,27.04746176071305,0,77.11002487575593,0.9031058663900475
2024-03-25,MCH_009,17.63033486232193,0,84.7542901445349,1.389345804038011
2024-03-25,MCH_010,18.141176491104016,0,68.24284106570255,1.643933633682337
2024-03-26,MCH_001,24.919981575978518,0,73.73743103224795,0.8405120594187786
2024-03-26,MCH_002,11.432882135847965,0,72.64766771471217,0.652823169386287
2024-03-26,MCH_003,20.047394583635583,0,84.01033190998677,1.1979817954811716
2024-03-26,MCH_004,23.699633630771228,0,71.8935265946448,0.9317562994977228
2024-03-26,MCH_005,18.39618903388539,0,72.76102450188326,1.4710080167515198
2024-03-26,MCH_006,29.925786826377397,0,76.70173823178261,1.4942030176094483
2024-03-26,MCH_007,20.79551462057252,0,76.2431781315693,0.49764227470181266
2024-03-26,MCH_008,26.06637298078398,0,72.7157587094173,0.8088996231142422
2024-03-26,MCH_009,18.788408650843206,0,74.24142637858102,1.2210168932041343
2024-03-26,MCH_010,11.454231271534628,0,84.14003033387183,1.2255734020098454
2024-03-27,MCH_001,18.915381556311797,0,78.64168944922734,1.216824272035241
2024-03-27,MCH_002,25.903673944549695,0,72.5930837324042,0.991772718594994
2024-03-27,MCH_003,15.51001795706939,0,83.22549925524031,1.2808986630282853
2024-03-27,MCH_004,25.131621569368615,0,82.96788734958199,0.9101147192389205
2024-03-27,MCH_005,17.35795673499247,0,81.50272105490846,1.0517136077121716
2024-03-27,MCH_006,28.185583029038277,0,73.4750137424668,0.5474544852593691
2024-03-27,MCH_007,24.552312701581567,0,82.20693685250947,0.8555443684386799
2024-03-27,MCH_008,19.689129498209617,0,71.11655574796039,1.1528634330965821
2024-03-27,MCH_009,18.552033103565744,0,76.92772898537656,1.080209999425362
2024-03-27,MCH_010,20.495291832409098,0,87.43580921850302,1.1376393762196166
2024-03-28,MCH_001,27.65775221070533,0,82.19845524403219,1.134500825581741
2024-03-28,MCH_002,23.05957478922662,0,72.06525903431101,0.7725787848325214
2024-03-28,MCH_003,21.317266500420256,0,73.70077014305124,1.4096266619555777
2024-03-28,MCH_004,14.540543156392065,0,69.34900293801995,0.8624984865543692
2024-03-28,MCH_005,16.104923984399882,0,76.27764904191902,1.4429752296443956
2024-03-28,MCH_006,12.856218404172775,0,75.23230650267523,1.1030294249116748
2024-03-28,MCH_007,16.376061269985726,0,83.96463736439387,1.2221221834295624
2024-03-28,MCH_008,24.38708485757389,0,74.28325202235045,1.197003561714785
2024-03-28,MCH_009,29.85411743447704,1,75.26678038602111,1.012166865154873
2024-03-28,MCH_010,15.324719215420613,0,79.62993212445627,0.49502425538896033
2024-03-29,MCH_001,20.332202344500132,0,75.3073067542234,0.6551172780363603
2024-03-29,MCH_002,20.92695094696133,0,70.60415147986073,1.058731128334944
2024-03-29,MCH_003,18.952168532080066,0,77.20028543951094,1.3674361945859834
2024-03-29,MCH_004,16.49417967728999,0,75.9583593314104,1.0615060303651935
2024-03-29,MCH_005,16.82151299061642,0,76.87116589873118,0.9582170411643658
2024-03-29,MCH_006,24.12714935767896,0,72.23495385195727,1.1789194861811074
2024-03-29,MCH_007,21.110912737927382,0,77.7044177121742,0.9946600412749057
2024-03-29,MCH_008,30.97040364534739,0,72.16160754538022,0.8055263033404546
2024-03-29,MCH_009,11.642356602099476,0,76.0951895159412,1.0489287937191343
2024-03-29,MCH_010,16.517224069940166,0,74.6984955312387,0.8511321760493452
2024-03-30,MCH_001,17.844897906002444,0,84.27610353145923,0.7137373881243024
2024-03-30,MCH_002,11.908237348192626,0,75.3313613351111,1.2524757999423848
2024-03-30,MCH_003,15.416890607502369,0,70.55179272261957,0.7691827474773681
2024-03-30,MCH_004,23.131082551405523,0,84.05347267527729,1.1838745191706272
2024-03-30,MCH_005,23.321353770009488,0,79.36516640430216,0.8031767243592984
2024-03-30,MCH_006,27.41961457661784,0,68.07701467867469,0.5618286097005261
2024-03-30,MCH_007,21.239248802266587,0,73.75406861803427,1.1806348019531432
2024-03-30,MCH_008,17.207791657205647,0,80.48356883823145,1.2916724333654264
2024-03-30,MCH_009,9.499706690295287,1,91.12301084520482,1.5443781851456095
2024-03-30,MCH_010,20.949440601633672,0,72.4022067281165,0.7196970064064542
2024-03-31,MCH_001,18.379592019666216,0,76.34439622355845,0.9576913562236096
2024-03-31,MCH_002,16.38533860535282,0,70.20421708566016,0.8722333602577805
2024-03-31,MCH_003,15.790500482256302,0,73.93477907968513,1.4015275634605227
2024-03-31,MCH_004,26.450598477725404,0,74.77749812410121,1.4243397245413465
2024-03-31,MCH_005,15.93351917409403,0,75.1930718513426,1.081190589023848
2024-03-31,MCH_006,22.284619799455733,1,74.0240924314935,1.145981244031597
2024-03-31,MCH_007,10.532083220317189,0,68.04299189737893,1.143427979523592
2024-03-31,MCH_008,14.080298635033673,0,75.76043594411435,1.2394575358138433
2024-03-31,MCH_009,21.685437548997335,0,71.41973908954125,1.3229578005959741
2024-03-31,MCH_010,15.728048487203882,0,73.93522319900187,0.8905078305003262
2024-04-01,MCH_001,11.885859277909965,0,77.98819082045688,0.7648792439165667
2024-04-01,MCH_002,27.150585496296834,0,82.20859991581226,1.0768947339195518
2024-04-01,MCH_003,16.53835267871183,0,71.71198013244,1.064097524001917
2024-04-01,MCH_004,20.072465661483722,0,75.75512865187264,0.8701085998837155
2024-04-01,MCH_005,24.15092744679934,0,75.06080953484658,1.195952983330346
2024-04-01,MCH_006,19.844191896170326,0,73.19867996456514,0.8969716912704913
2024-04-01,MCH_007,26.81600940933921,0,66.27332401421627,0.5289383904031661
2024-04-01,MCH_008,20.345331350687847,1,67.13130597873777,0.953347103071084
2024-04-01,MCH_009,23.923457249016625,0,78.3985305361925,0.9982171894862563
2024-04-01,MCH_010,20.958237431387474,0,77.41246171188213,0.46711043789961837
2024-04-02,MCH_001,22.235600558234818,0,77.74300939504458,0.7685518104018088
2024-04-02,MCH_002,16.582393537935275,0,71.68719211726973,0.8203822361895081
2024-04-02,MCH_003,7.869495481541474,0,77.9861734916962,0.5434901357083451
2024-04-02,MCH_004,16.962284350356317,0,75.6592524918329,1.0157829677685304
2024-04-02,MCH_005,25.789724117721832,0,77.71118270277196,0.7967076858356575
2024-04-02,MCH_006,22.546828902823137,0,78.8843609231063,1.2151226596204832
2024-04-02,MCH_007,17.6828102963987,0,67.55583970998246,1.3897211726785752
2024-04-02,MCH_008,18.893718561186468,0,80.17028573593586,0.8447393473698901
2024-04-02,MCH_009,24.124474265475925,0,71.63325771757863,0.7889823265083429
2024-04-02,MCH_010,7.249077520896289,0,73.16242349841123,0.8503801951232466
2024-04-03,MCH_001,21.923257769311654,0,83.94160998516536,1.3537213842721771
2024-04-03,MCH_002,17.025990914162897,0,72.44722768474983,1.2390772149575229
2024-04-03,MCH_003,30.687391569655926,0,66.34759319245369,1.0068119684845631
2024-04-03,MCH_004,18.648585076478465,0,75.87745064645281,1.2064130206781942
2024-04-03,MCH_005,22.07388397298286,0,70.09728216352107,0.9573248157059502
2024-04-03,MCH_006,21.29544815681337,0,69.95580489722258,0.7071479032907275
2024-04-03,MCH_007,19.04270616461628,0,73.61348888096782,0.8772101363051974
2024-04-03,MCH_008,14.424374116546705,0,79.00506460218833,0.9555509206841771
2024-04-03,MCH_009,27.233158356676764,0,75.44818670267115,1.0202622774592787
2024-04-03,MCH_010,27.422578112157627,0,78.42626750975124,0.6938413718487713
2024-04-04,MCH_001,17.077230800369964,0,74.36472310311497,1.0570350074945796
2024-04-04,MCH_002,18.483169580385443,0,80.00413989787977,0.7737029488274738
2024-04-04,MCH_003,20.050995600962892,0,78.7760994776229,0.5765864637076317
2024-04-04,MCH_004,13.434907183719458,0,75.68466325892071,1.0303640214443992
2024-04-04,MCH_005,16.252442789191303,1,75.39158433974296,0.7744778116455153
2024-04-04,MCH_006,24.08109066637361,1,79.10571945474695,0.503005181758025
2024-04-04,MCH_007,15.074329534945006,0,83.30657609872429,1.143707111845093
2024-04-04,MCH_008,18.844236994752865,0,72.17566977712339,0.698018407309567
2024-04-04,MCH_009,15.727949233278723,0,73.2946177683587,1.4193213328875915
2024-04-04,MCH_010,29.66600716200515,0,78.24962187359536,1.1616460327163816
2024-04-05,MCH_001,15.170624898054104,0,76.47751832317927,0.9797953708001136
2024-04-05,MCH_002,15.963102162301384,0,76.97032892489476,0.5316302794022149
2024-04-05,MCH_003,14.761747019787704,0,69.7150312256407,0.8062326695858808
2024-04-05,MCH_004,17.502557511598052,1,89.2672301233739,0.5129803670937995
2024-04-05,MCH_005,16.565795897857118,0,72.46149231898902,0.6836932041436101
2024-04-05,MCH_006,14.757735048546998,0,68.01246966148716,1.1695867242946718
2024-04-05,MCH_007,24.24562068436554,0,74.72380267543323,1.0582610350898907
2024-04-05,MCH_008,18.25456717904331,0,73.13360458017685,0.9834907582008034
2024-04-05,MCH_009,22.030014910943162,0,79.95200403104513,1.1839037358598734
2024-04-05,MCH_010,18.258421420542827,0,72.06122402847521,0.3511998520016413
2024-04-06,MCH_001,22.72792458733536,0,69.92177019809934,0.7602254107804288
2024-04-06,MCH_002,22.469381953141305,0,65.33949813334029,1.0485612034106815
2024-04-06,MCH_003,28.546885703776788,0,70.77635017070202,0.845498876452854
2024-04-06,MCH_004,17.45557668129041,0,76.41877283956015,1.2782009771658318
2024-04-06,MCH_005,17.192254722002595,0,75.65426608381931,1.1058591812239673
2024-04-06,MCH_006,18.952371490372695,0,85.5138045424372,1.4351497340268846
2024-04-06,MCH_007,19.38562138524639,0,69.1699821155633,1.1146586483956877
2024-04-06,MCH_008,16.088343224157917,0,76.14052151788408,0.7773906759589096
2024-04-06,MCH_009,12.727315834434702,0,78.15794638442667,1.015816465044677
2024-04-06,MCH_010,23.360405601811248,0,70.44573494314076,0.32093595207614556
2024-04-07,MCH_001,23.411814305168733,0,77.10778758416299,1.1868248523544969
2024-04-07,MCH_002,28.007542636904102,0,73.97813914832737,0.6269598060691719
2024-04-07,MCH_003,12.771555606267507,0,80.38711036127333,1.1791697324739332
2024-04-07,MCH_004,12.029461324250441,0,75.29944135175955,1.1558947959680603
2024-04-07,MCH_005,18.77016100599725,0,75.07027869705684,1.4996777207642777
2024-04-07,MCH_006,29.746603859480302,0,69.48629472348303,1.3280270654075188
2024-04-07,MCH_007,27.283878229933816,0,80.43581186231764,1.047325833686227
2024-04-07,MCH_008,17.642225789382405,0,70.55538409380844,0.8834074065114047
2024-04-07,MCH_009,15.3657145056154,0,74.13762594554777,1.091453359617602
2024-04-07,MCH_010,22.267564379153985,0,74.60673244479081,0.774819790622145
2024-04-08,MCH_001,16.670946686705644,0,81.507953286708,0.9832580786969153
2024-04-08,MCH_002,22.487366281330036,0,83.64146359506918,1.2433785503313617
2024-04-08,MCH_003,17.582047515132295,0,79.37274401053156,1.6390722503406048
2024-04-08,MCH_004,18.980835360365845,0,65.95770069109194,0.8786185427954532
2024-04-08,MCH_005,21.215288586384858,0,68.29225018044401,0.9563780842817543
2024-04-08,MCH_006,17.40217934716161,0,77.7468736804597,1.2914309728703919
2024-04-08,MCH_007,23.107194978020505,0,68.84901253625762,1.041573491296234
2024-04-08,MCH_008,22.323526475583684,0,71.71367650347398,1.358829074305087
2024-04-08,MCH_009,21.580203256151623,0,81.54260688266221,0.9619365677063089
2024-04-08,MCH_010,20.947473969140294,0,75.91430896790014,1.0715736937602836
2024-04-09,MCH_001,16.478187644320762,0,69.13435045893726,1.2021065307576695
2024-04-09,MCH_002,25.615301116022298,1,72.26289067415382,1.100349968052844
2024-04-09,MCH_003,21.309346476770536,0,74.8840211183005,0.7651209598008977
2024-04-09,MCH_004,11.286688225640033,0,75.14110182351702,0.9946229417372547
2024-04-09,MCH_005,21.74590571036166,0,84.22776487111224,0.6572937789837096
2024-04-09,MCH_006,22.213109075053694,0,82.48515209139534,0.8106862932784589
2024-04-09,MCH_007,18.22801978363283,0,88.23249531170188,1.1541673970502677
2024-04-09,MCH_008,18.058227167983407,0,75.00521930368743,1.0507879952098949
2024-04-09,MCH_009,25.719757920709583,0,77.0864210572399,0.9797880246594427
2024-04-09,MCH_010,19.431451270583203,0,71.88905308183962,1.1701425104180718
2024-04-10,MCH_001,15.198640464690861,0,71.12284562569948,0.6922923882602401
2024-04-10,MCH_002,17.677772368062037,0,73.5027829841769,1.1499100926868926
2024-04-10,MCH_003,26.02165160044273,0,73.6350190243356,1.0956577250222914
2024-04-10,MCH_004,10.478688239780917,0,70.81725611304361,1.5890186209784503
2024-04-10,MCH_005,21.4156237941697,0,72.4980740696304,1.108851008514663
2024-04-10,MCH_006,13.875162135905088,0,73.28900360345811,0.867301923214431
2024-04-10,MCH_007,13.887794766023221,0,77.67829022144032,0.8352728629706268
2024-04-10,MCH_008,20.09623347988028,0,70.22998935011192,1.354343312594844
2024-04-10,MCH_009,20.497360468631232,0,71.89952504144298,0.6970517742143788
2024-04-10,MCH_010,23.943069046874385,0,81.76186921080217,1.1530593500924542
2024-04-11,MCH_001,21.67028212735058,0,75.47471973622484,1.3554411331315444
2024-04-11,MCH_002,21.403870277878617,0,64.95524696347422,1.4121842455481755
2024-04-11,MCH_003,13.273923478887584,0,70.43842894483122,1.1365986861171795
2024-04-11,MCH_004,19.6692962247808,0,76.7495446263592,0.7701889923702026
2024-04-11,MCH_005,23.919505942809753,0,77.0570493715807,1.4093532516998193
2024-04-11,MCH_006,15.808006942685408,0,80.28552760884477,1.4455521388761026
2024-04-11,MCH_007,27.903632349613027,0,73.7670871799622,1.0891009812947083
2024-04-11,MCH_008,21.866787243621495,0,73.66278321614479,1.3361006637901227
2024-04-11,MCH_009,18.664822985620145,0,68.9513573253762,1.312696238321236
2024-04-11,MCH_010,17.876367187223554,0,76.1188449390273,0.8790122713817687
2024-04-12,MCH_001,17.27699738009303,0,78.46547880521791,0.9714525595772504
2024-04-12,MCH_002,21.51964576139722,0,75.45050276306124,0.6450840425092272
2024-04-12,MCH_003,17.573566637965516,0,69.07618626006126,1.916206752513351
2024-04-12,MCH_004,23.535583037354197,0,83.83690770843117,1.4863054169513057
2024-04-12,MCH_005,21.1243412198768,0,72.6717389128955,1.4099418984203504
2024-04-12,MCH_006,16.027897954110436,0,71.13794142240415,0.9753696535393197
2024-04-12,MCH_007,19.76570297816928,0,74.26443278567378,0.6564996483268806
2024-04-12,MCH_008,14.687551179952433,0,73.17889311671003,1.0185146564482486
2024-04-12,MCH_009,15.708259403850363,0,76.81128997497784,0.8977497057437901
2024-04-12,MCH_010,17.059762004322266,0,86.03255852986909,0.8866650532865206
2024-04-13,MCH_001,16.80333305882788,0,76.43980703205315,0.8128065956903248
2024-04-13,MCH_002,19.502099663572007,0,81.69042293765735,0.6482550668314868
2024-04-13,MCH_003,19.6409182111482,0,83.11243643536241,0.919691206062063
2024-04-13,MCH_004,20.240304104606192,0,73.28900606487896,0.6340765370345797
2024-04-13,MCH_005,18.51514647235366,0,79.22117203900724,0.6456663820321213
2024-04-13,MCH_006,17.36318225679405,0,78.23692747302096,1.0608608722979416
2024-04-13,MCH_007,14.38783698219887,0,68.97892804906557,0.9663183216245297
2024-04-13,MCH_008,21.11012744360937,0,69.10972784063365,1.2903312572207675
2024-04-13,MCH_009,24.434528255830028,1,77.52335641259144,0.7058099060315719
2024-04-13,MCH_010,21.78853893105481,0,70.85202735980158,1.0769263777991362
2024-04-14,MCH_001,25.270951040756415,0,73.87523772190502,1.536466256650067
2024-04-14,MCH_002,24.68664698722666,0,67.89399183617667,1.4364584810758876
2024-04-14,MCH_003,24.45776523272485,0,81.02784341612501,0.8797271996004299
2024-04-14,MCH_004,22.898609227466224,0,66.80281171279027,0.37335768714478845
2024-04-14,MCH_005,13.478496524344397,0,71.61328222779571,1.518037082970106
2024-04-14,MCH_006,23.943144724177692,0,74.32952401395814,1.0180940295943257
2024-04-14,MCH_007,21.065956041247645,0,83.84234859116589,1.3526233846432079
2024-04-14,MCH_008,16.11048555546194,0,79.52235236245657,0.6392624506784019
2024-04-14,MCH_009,16.123699942520087,0,78.59783737155352,0.869202743789739
2024-04-14,MCH_010,21.689993508145342,0,80.53477757132336,1.1672262645292064
2024-04-15,MCH_001,8.06233900579304,0,79.64577497221676,1.0350226212514442
2024-04-15,MCH_002,21.201104909455065,0,75.34395980312124,0.7498801473155554
2024-04-15,MCH_003,13.988067643281601,1,76.87201480268993,1.3229240193715337
2024-04-15,MCH_004,22.363461249546226,0,78.82202748342054,1.4094433137876587
2024-04-15,MCH_005,16.671838455683968,0,75.99624385010344,1.0307452308009697
2024-04-15,MCH_006,13.350893297145973,0,70.58781463235769,1.2821212065981518
2024-04-15,MCH_007,19.542723474929584,0,76.24334080769252,0.9733146879673568
2024-04-15,MCH_008,23.684235045758996,0,67.7961697675556,0.6157055826727793
2024-04-15,MCH_009,17.051546057454615,0,77.70005586877095,-0.019730400601974507
2024-04-15,MCH_010,19.7248104825386,0,76.83668108089724,0.9661155648183206
2024-04-16,MCH_001,17.302210327568307,0,75.09768864835053,0.9255949162347268
2024-04-16,MCH_002,18.069973496601477,0,77.07242108546076,1.0110997724999358
2024-04-16,MCH_003,19.508165327292044,1,72.11032423375643,1.3551842679079833
2024-04-16,MCH_004,17.342644284072108,0,77.00078925687313,0.5929141397553437
2024-04-16,MCH_005,17.84195855926852,0,77.473826598112,0.8566110240678587
2024-04-16,MCH_006,22.319408584813,0,83.88356006233684,0.9976728685967867
2024-04-16,MCH_007,18.446503216829917,0,77.53307681937305,0.4782666957806788
2024-04-16,MCH_008,18.579909122549505,0,70.14124870321758,0.8671063109607697
2024-04-16,MCH_009,18.636474308992547,0,79.72594795402786,0.7496943086113304
2024-04-16,MCH_010,19.13621529697999,0,72.8042298944061,0.975280047209893
2024-04-17,MCH_001,30.494792655372624,0,79.8698643352541,0.9060775389238692
2024-04-17,MCH_002,24.283017808455355,0,75.9631437164405,1.3409662793082653
2024-04-17,MCH_003,21.216280571854046,0,70.37070178931886,0.7241882505348809
2024-04-17,MCH_004,27.52551155858138,0,75.23797901977638,0.31460670903200094
2024-04-17,MCH_005,13.103306062755765,0,77.18249663679444,1.4554948578962277
2024-04-17,MCH_006,17.03964624579134,0,75.79138801366229,1.1412521741813246
2024-04-17,MCH_007,15.416438079590261,0,71.52040896258596,1.1231642380655638
2024-04-17,MCH_008,22.875659920702915,0,69.74360847196232,0.7567995403077008
2024-04-17,MCH_009,24.914785376166613,0,73.83417644947374,0.8642946737774554
2024-04-17,MCH_010,18.748481467587077,0,69.17653407787479,0.9164695427402181
2024-04-18,MCH_001,26.281447621365036,0,74.11417891004076,0.9272197043512884
2024-04-18,MCH_002,16.062909270679995,0,79.39796180053654,1.291382172862856
2024-04-18,MCH_003,15.007900704110739,1,76.4914428896111,1.4687079750595022
2024-04-18,MCH_004,20.8399912638749,0,78.11968546137177,0.9275766388247414
2024-04-18,MCH_005,20.737870666301447,0,78.3549987721826,0.9399208291999828
2024-04-18,MCH_006,12.60691196240873,0,73.8183487034881,1.0997454499245622
2024-04-18,MCH_007,15.695518146091665,0,67.86357494264716,1.5069142974501784
2024-04-18,MCH_008,20.312496467425746,0,72.43662628206967,0.9612592529981776
2024-04-18,MCH_009,24.391898756233168,0,70.44282354708326,1.1508482714893842
2024-04-18,MCH_010,9.626405347431067,0,70.92975831170442,0.9884966151421589
2024-04-19,MCH_001,13.162940613887102,0,72.81322121214774,0.9045335464951084
2024-04-19,MCH_002,21.283417484017985,0,75.74282188378847,1.4697515459189407
2024-04-19,MCH_003,19.184079701895936,0,79.93001099974242,1.3551892791196767
2024-04-19,MCH_004,26.050191538359186,0,80.57700216934397,0.7699719030522003
2024-04-19,MCH_005,22.50616998781866,0,74.07689915944113,0.6336025651386605
2024-04-19,MCH_006,27.913454397468584,0,72.01782753381909,0.7815133608694999
2024-04-19,MCH_007,17.487632215109432,0,68.7216320194684,1.172849517911824
2024-04-19,MCH_008,18.216273265638335,0,83.91809969725799,1.236703792734919
2024-04-19,MCH_009,21.295635321677572,0,76.99674062682182,1.270839498667284
2024-04-19,MCH_010,28.610828910439295,0,72.02425391226646,1.0250784003388265
2024-04-20,MCH_001,19.621396846924036,0,81.78923800604296,1.3999004125430472
2024-04-20,MCH_002,25.996268535500636,0,86.8180964820015,1.2597895878799406
2024-04-20,MCH_003,13.678645812440866,0,80.76770472075236,0.8722880828853918
2024-04-20,MCH_004,27.029864636186687,1,72.08624412408291,1.2384842039946236
2024-04-20,MCH_005,13.832652789719816,0,84.23935031709605,1.411640023069416
2024-04-20,MCH_006,8.789608714971651,0,73.59525440331323,0.8491040183917179
2024-04-20,MCH_007,20.671503619578065,0,71.35655188021755,0.6964648222803544
2024-04-20,MCH_008,15.951123578553133,0,78.23232407474828,1.3860998748229967
2024-04-20,MCH_009,20.207507076711348,0,71.5283302232397,1.0643026570541194
2024-04-20,MCH_010,21.294671025084252,0,78.60842756130212,0.8509211371181781
2024-04-21,MCH_001,19.140416312358845,0,69.47747191446432,1.3295031317628072
2024-04-21,MCH_002,17.051901066532142,1,73.47635050283851,1.2704897992007094
2024-04-21,MCH_003,19.49318382076183,0,69.12485803416035,1.4271990445802092
2024-04-21,MCH_004,23.264208947491,0,79.5162150204963,0.846420283068242
2024-04-21,MCH_005,17.821063195795926,0,75.89368588531971,1.3088977613364465
2024-04-21,MCH_006,24.53591935556788,0,69.91324115626905,1.093264584655143
2024-04-21,MCH_007,21.95630406839745,0,78.8277791393543,0.9429061332511075
2024-04-21,MCH_008,21.637209515107276,0,67.12499757113262,1.2942735906432228
2024-04-21,MCH_009,11.086121306814578,0,68.03948178272456,0.9759229708532298
2024-04-21,MCH_010,23.80980723820097,0,69.84444055617652,0.8339320908020474
2024-04-22,MCH_001,21.551680937016584,0,72.04460552952011,1.1414902390382413
2024-04-22,MCH_002,22.635615487651574,0,80.55967367990125,1.2336123838139788
2024-04-22,MCH_003,27.729851851112954,0,76.60202016460882,1.02170201387513
2024-04-22,MCH_004,16.78393333343093,0,76.5847861672535,1.6675139707787423
2024-04-22,MCH_005,15.915679822861591,0,73.15743704899577,1.285812994924803
2024-04-22,MCH_006,20.218656882305652,0,72.88515069951401,1.054923036101912
2024-04-22,MCH_007,21.414950888081794,0,67.91212652936215,1.0671344320075578
2024-04-22,MCH_008,21.093859804632377,0,77.77187950200752,0.41966701520992167
2024-04-22,MCH_009,18.898229187520986,0,76.8509080297358,0.5541581508481572
2024-04-22,MCH_010,20.540296128820653,0,73.20827846871796,0.6711619727676594
2024-04-23,MCH_001,20.838848252072665,0,79.39164673178227,1.2094444063315073
2024-04-23,MCH_002,20.077286509731888,0,77.48464918251051,1.0684668992334188
2024-04-23,MCH_003,23.319670349241942,0,82.23150558033178,1.1668139715901935
2024-04-23,MCH_004,31.594543201841148,0,61.878633551146464,0.8588337998647371
2024-04-23,MCH_005,21.876103465624947,0,76.90005771518105,1.0740163679741557
2024-04-23,MCH_006,14.582080836905373,0,73.34804749240499,1.0032265058793362
2024-04-23,MCH_007,21.375910920083662,0,82.43988979478031,0.6767417708534847
2024-04-23,MCH_008,14.060509655808584,0,73.56378512955537,1.2241291075225114
2024-04-23,MCH_009,22.511388943519947,0,73.9337192996327,1.2941897694638942
2024-04-23,MCH_010,18.607622328537005,0,73.62623729318807,1.2118347548276394
2024-04-24,MCH_001,13.886284033745884,0,79.10183296230691,0.6781961180353875
2024-04-24,MCH_002,15.042595472870826,0,78.2144719178999,1.1727560705494429
2024-04-24,MCH_003,17.04056443189696,0,74.2901728359194,1.0215118899439941
2024-04-24,MCH_004,19.308434778563132,0,79.2052071555551,0.9633691832753486
2024-04-24,MCH_005,14.350623781463572,0,66.60220741921763,1.1913016095556193
2024-04-24,MCH_006,12.10318907137686,0,77.40965645367805,0.8260993275845502
2024-04-24,MCH_007,22.253740073756834,0,82.71716206160262,1.2082966080294355
2024-04-24,MCH_008,22.327058879475675,0,74.97865815862345,1.2680166408310345
2024-04-24,MCH_009,16.454124827147897,0,77.0086282957736,0.6844390986384321
2024-04-24,MCH_010,8.728565528126053,0,80.42434352560521,1.269521925758807
2024-04-25,MCH_001,14.116348040194502,0,71.92698350466227,1.302317732952985
2024-04-25,MCH_002,23.936810178883793,0,78.98557927087698,0.9659216457528685
2024-04-25,MCH_003,26.83395193511605,0,77.31971405256725,1.41586727792185
2024-04-25,MCH_004,19.382077251248116,0,72.2414908494849,0.6577101690229314
2024-04-25,MCH_005,27.148600252833994,0,79.41728744564982,1.086946276108609
2024-04-25,MCH_006,19.912092541207976,0,91.38808410240695,1.051377018813581
2024-04-25,MCH_007,22.39050613500823,0,68.87483227685513,0.6542738094749406
2024-04-25,MCH_008,9.75768849036563,0,69.90431858428502,1.1501662637588326
2024-04-25,MCH_009,12.93841799677612,0,71.87526783628707,0.9166387994741637
2024-04-25,MCH_010,19.511261292477126,0,78.59877708402983,1.4348754416227947
2024-04-26,MCH_001,18.390504736043532,0,69.90657273377597,1.0244398317264012
2024-04-26,MCH_002,24.41956141805244,0,82.81677317708375,1.2929674009502445
2024-04-26,MCH_003,24.98640371971686,0,74.67255458125095,1.2942673657089305
2024-04-26,MCH_004,21.516283792880046,0,75.97171444736915,1.2451204952911397
2024-04-26,MCH_005,22.96142304239182,0,67.17064818783655,1.1507146732228934
2024-04-26,MCH_006,28.058217307003993,0,74.32167613786987,1.4861903592545613
2024-04-26,MCH_007,17.535933350549502,0,71.72279506122852,1.1457746771573114
2024-04-26,MCH_008,15.950374233896866,0,81.60937931554326,0.7383939041516299
2024-04-26,MCH_009,16.236230485706482,0,65.08912196098612,0.798483022608728
2024-04-26,MCH_010,22.53193749986647,0,75.857335891453,0.6818289780511952
2024-04-27,MCH_001,17.362892795078814,0,79.5190292842772,0.5409075111783248
2024-04-27,MCH_002,27.39556771145466,0,81.73827072603123,0.8890258128293848
2024-04-27,MCH_003,19.465508183728765,0,73.00162139580927,1.4971725172425698
2024-04-27,MCH_004,15.650334522190711,0,84.72398600156454,0.45636082167468484
2024-04-27,MCH_005,21.659454043806203,0,70.11336482013348,1.2274728063777487
2024-04-27,MCH_006,21.576896808267637,0,78.89057240116635,1.0478427078198311
2024-04-27,MCH_007,18.69003318238504,0,79.51522583414875,1.0548419879148248
2024-04-27,MCH_008,16.43720691767047,0,82.07161304761671,0.8309988687509113
2024-04-27,MCH_009,8.903506366287445,1,71.35527665011888,1.2445011258051186
2024-04-27,MCH_010,23.444443750570127,0,68.11589964826047,1.0871115284431396
2024-04-28,MCH_001,15.28780661154268,0,74.7450008584862,1.4831612156514726
2024-04-28,MCH_002,25.85035090724258,0,88.77978297124852,0.9230249034902502
2024-04-28,MCH_003,22.183654710979596,0,75.37472654889281,1.2941158021093766
2024-04-28,MCH_004,18.32423120840809,0,77.0464887856079,0.861100072017275
2024-04-28,MCH_005,24.48215188766691,0,77.63752326686009,1.4991397122333776
2024-04-28,MCH_006,27.03617279611337,0,66.73235758700537,1.0821586156713452
2024-04-28,MCH_007,12.583472872302114,0,74.5180931024642,1.2955466134635638
2024-04-28,MCH_008,11.764732168052042,1,71.97139903434208,0.9462782265470873
2024-04-28,MCH_009,25.989630958720248,0,75.3638870542045,0.7553479309979432
2024-04-28,MCH_010,16.849133592585623,0,81.3637451216782,0.956683412898674
2024-04-29,MCH_001,15.337771195328171,0,84.89424205843777,0.900462598913135
2024-04-29,MCH_002,18.19206347281975,0,75.51135258199402,0.9768446688870113
2024-04-29,MCH_003,22.597756266147172,0,79.49545677119835,1.667847019869162
2024-04-29,MCH_004,16.899105675999216,0,71.52371840634746,1.2809299136287873
2024-04-29,MCH_005,14.099843803839924,0,66.09059616768316,1.2649149344316857
2024-04-29,MCH_006,15.012067292021616,0,72.58173810516786,1.171951514813739
2024-04-29,MCH_007,20.70430420278663,0,74.18178230007229,0.9643316144405172
2024-04-29,MCH_008,15.850123018989379,0,81.56250654788519,0.8220602962945935
2024-04-29,MCH_009,15.377757807591326,0,77.25396565028444,0.9863255466784279
2024-04-29,MCH_010,20.520033745681637,0,75.60037436346633,1.1868806756673569
2024-04-30,MCH_001,18.002187478651788,0,77.93574358701726,0.7830517119964019
2024-04-30,MCH_002,27.16621695221231,0,77.75622124534856,1.5410720498544976
2024-04-30,MCH_003,20.159277557486153,0,70.72988277181459,0.9523360409920955
2024-04-30,MCH_004,21.594685766668597,0,72.15024729692423,1.1812878729232255
2024-04-30,MCH_005,29.374741200022815,0,76.82098936963135,0.4955300358178729
2024-04-30,MCH_006,15.138954910140598,0,79.68023346663966,1.238362299997997
2024-04-30,MCH_007,20.438374531791315,0,66.81334214728136,0.8929177922281458
2024-04-30,MCH_008,16.53670149440386,0,64.90613257750007,1.0525663097394142
2024-04-30,MCH_009,19.299024633407296,0,72.9633775080095,1.2886810304177496
2024-04-30,MCH_010,17.56262102321896,0,73.54221362968374,1.0158698698852264
